Movies,IMDB Rating,Genre,Runtime (in min),Year of Release,Gross Income (in $)
1.The Godfather,9.2,"Crime, Drama",175,1972,"$482,349,6"
2.The Dark Knight,9,"Action, Crime, Drama",152,2008,"$357,277,4"
3.Schindler's List,9,"Biography, Drama, History",195,1993,"$230,099,0"
4.The Lord of the Rings: The Return of the King,9,"Action, Adventure, Drama",201,2003,"$503,162,3"
5.Pulp Fiction,8.9,"Crime, Drama",154,1994,"$291,480,4"
6.Inception,8.8,"Action, Adventure, Sci-Fi",148,2010,"$262,681,2"
7.The Lord of the Rings: The Fellowship of the Ring,8.8,"Action, Adventure, Drama",178,2001,"$426,074,3"
8.Forrest Gump,8.8,"Drama, Romance",142,1994,"$383,336,7"
9.The Lord of the Rings: The Two Towers,8.8,"Action, Adventure, Drama",179,2002,"$968,511,8"
10.Spider-Man: Across the Spider-Verse,8.7,"Animation, Action, Adventure",140,2023,"$426,588,5"
11.Interstellar,8.7,"Adventure, Drama, Sci-Fi",169,2014,"$389,925,9"
12.The Matrix,8.7,"Action, Sci-Fi",136,1999,"$384,256,9"
13.Star Wars: Episode V - The Empire Strikes Back,8.7,"Action, Adventure, Fantasy",124,1980,"$1,074,458,2"
14.Se7en,8.6,"Crime, Drama, Mystery",127,1995,"$1,081,169,8"
15.The Silence of the Lambs,8.6,"Crime, Drama, Thriller",118,1991,"$2,799,439,1"
16.Star Wars,8.6,"Action, Adventure, Fantasy",121,1977,"$2,052,415,0"
17.The Green Mile,8.6,"Crime, Drama, Fantasy",189,1999,"$814,337,0"
18.Terminator 2: Judgment Day,8.6,"Action, Sci-Fi",137,1991,"$382,238,1"
19.Saving Private Ryan,8.6,"Drama, War",169,1998,"$521,311,8"
20.Sen to Chihiro no kamikakushi,8.6,"Animation, Adventure, Family",125,2001,"$187,436,8"
21.La vita è bella,8.6,"Comedy, Drama, Romance",116,1997,"$1,495,696,2"
22.Gladiator,8.5,"Action, Adventure, Drama",155,2000,"$321,457,7"
23.The Departed,8.5,"Crime, Drama, Thriller",151,2006,"$225,933,4"
24.Gisaengchung,8.5,"Drama, Thriller",132,2019,"$356,296,6"
25.Django Unchained,8.5,"Drama, Western",165,2012,"$213,216,2"
26.Back to the Future,8.5,"Adventure, Comedy, Sci-Fi",116,1985,"$394,436,5"
27.The Lion King,8.5,"Animation, Adventure, Drama",88,1994,"$475,106,1"
28.The Intouchables,8.5,"Biography, Comedy, Drama",112,2011,"$735,099,1"
29.Raiders of the Lost Ark,8.4,"Action, Adventure",115,1981,"$1,067,316,1"
30.Spider-Man: Into the Spider-Verse,8.4,"Animation, Action, Adventure",117,2018,"$303,723,6"
31.Joker(I) ,8.4,"Crime, Drama, Thriller",122,2019,"$1,109,802,3"
32.The Dark Knight Rises,8.4,"Action, Drama, Thriller",164,2012,"$406,878,2"
33.Avengers: Endgame,8.4,"Action, Adventure, Drama",181,2019,"$1,921,847,1"
34.Avengers: Infinity War,8.4,"Action, Adventure, Sci-Fi",149,2018,"$294,805,6"
35.Coco(I) ,8.4,"Animation, Adventure, Drama",105,2017,"$373,672,9"
36.Kimi no na wa.,8.4,"Animation, Drama, Fantasy",106,2016,"$321,752,6"
37.WALL·E,8.4,"Animation, Adventure, Family",98,2008,"$474,171,8"
38.Heat,8.3,"Action, Crime, Drama",170,1995,"$264,118,7"
39.Top Gun: Maverick,8.3,"Action, Drama",130,2022,"$180,906,0"
40.Inglourious Basterds,8.3,"Adventure, Drama, War",153,2009,"$384,577,4"
41.Good Will Hunting,8.3,"Drama, Romance",126,1997,"$237,536,1"
42.American Beauty,8.3,Drama,122,1999,"$672,806,4"
43.Braveheart,8.3,"Biography, Drama, History",178,1995,"$316,791,2"
44.Toy Story,8.3,"Animation, Adventure, Comedy",81,1995,"$941,637,9"
45.Star Wars: Episode VI - Return of the Jedi,8.3,"Action, Adventure, Fantasy",131,1983,"$402,382,1"
46.Up,8.3,"Animation, Adventure, Comedy",96,2009,"$453,210,9"
47.Toy Story 3,8.3,"Animation, Adventure, Comedy",103,2010,"$254,158,3"
48.Dangal,8.3,"Action, Biography, Drama",161,2016,"$476,512,0"
49.Jurassic Park,8.2,"Action, Adventure, Sci-Fi",127,1993,"$369,330,3"
50.The Wolf of Wall Street,8.2,"Biography, Comedy, Crime",180,2013,"$180,563,6"
51.Spider-Man: No Way Home,8.2,"Action, Adventure, Fantasy",148,2021,"$441,306,1"
52.Shutter Island,8.2,"Mystery, Thriller",138,2010,"$654,264,0"
53.Batman Begins,8.2,"Action, Crime, Drama",140,2005,"$380,080,2"
54.Green Book,8.2,"Biography, Comedy, Drama",130,2018,"$225,508,2"
55.Indiana Jones and the Last Crusade,8.2,"Action, Adventure",127,1989,"$1,342,359,9"
56.The Truman Show,8.2,"Comedy, Drama",103,1998,"$216,639,1"
57.Kill Bill: Vol. 1,8.2,"Action, Crime, Thriller",111,2003,"$352,114,3"
58.1917,8.2,"Action, Drama, War",119,2019,"$623,726,0"
59.Hauru no ugoku shiro,8.2,"Animation, Adventure, Family",119,2004,"$235,860,1"
60.The Sixth Sense,8.2,"Drama, Mystery, Thriller",107,1999,"$858,848,0"
61.A Beautiful Mind,8.2,"Biography, Drama",135,2001,"$619,179,9"
62.Finding Nemo,8.2,"Animation, Adventure, Comedy",100,2003,"$579,707,7"
63.Gone with the Wind,8.2,"Drama, Romance, War",238,1939,"$494,879,4"
64.Kimetsu no Yaiba: Mugen Ressha-Hen,8.2,"Animation, Action, Adventure",117,2020,"$187,733,2"
65.Baahubali 2: The Conclusion,8.2,"Action, Drama",167,2017,"$269,958,2"
66.Jaws,8.1,"Adventure, Mystery, Thriller",124,1975,"$216,763,6"
67.Gone Girl,8.1,"Drama, Mystery, Thriller",149,2014,"$833,699,7"
68.Hacksaw Ridge,8.1,"Biography, Drama, History",139,2016,"$402,027,8"
69.The Exorcist,8.1,Horror,122,1973,"$267,770,7"
70.Pirates of the Caribbean: The Curse of the Black Pearl,8.1,"Action, Adventure, Fantasy",143,2003,"$773,350,1"
71.Mad Max: Fury Road,8.1,"Action, Adventure, Sci-Fi",120,2015,"$329,398,0"
72.Ford v Ferrari,8.1,"Action, Biography, Drama",152,2019,"$471,980,3"
73.Harry Potter and the Deathly Hallows: Part 2,8.1,"Adventure, Family, Fantasy",130,2011,"$532,950,5"
74.The Help,8.1,Drama,146,2011,"$782,836,7"
75.Catch Me If You Can,8.1,"Biography, Crime, Drama",141,2002,"$630,620,8"
76.Ratatouille,8.1,"Animation, Adventure, Comedy",111,2007,"$233,555,7"
77.Dead Poets Society,8.1,"Comedy, Drama",128,1989,"$1,520,538,5"
78.Inside Out(I) ,8.1,"Animation, Adventure, Comedy",95,2015,"$1,025,521,6"
79.Logan,8.1,"Action, Drama, Sci-Fi",137,2017,"$616,505,1"
"80.Monsters, Inc.",8.1,"Animation, Adventure, Comedy",92,2001,"$631,607,0"
81.How to Train Your Dragon,8.1,"Animation, Action, Adventure",98,2010,"$424,208,8"
82.12 Years a Slave,8.1,"Biography, Drama, History",134,2013,"$424,967,6"
83.Gran Torino,8.1,Drama,116,2008,Top Lifetime Grosses – Worldwi
84.Million Dollar Baby,8.1,"Drama, Sport",132,2004,"July 2, 20"
85.Guardians of the Galaxy Vol. 3,8,"Action, Adventure, Comedy",150,2023,"$205,405,4"
86.Dune: Part One,8,"Action, Adventure, Drama",155,2021,"$504,050,2"
87.Blade Runner 2049,8,"Action, Drama, Mystery",164,2017,"$307,127,6"
88.Guardians of the Galaxy,8,"Action, Adventure, Comedy",121,2014,"$354,825,4"
89.Black Swan,8,"Drama, Thriller",108,2010,"$378,410,5"
90.La La Land,8,"Comedy, Drama, Music",128,2016,"$484,068,8"
91.The Revenant(I) ,8,"Action, Adventure, Drama",156,2015,"$444,100,0"
92.Deadpool,8,"Action, Comedy",108,2016,"$2,264,743,3"
93.The Martian,8,"Adventure, Drama, Sci-Fi",144,2015,"$480,904,6"
94.The Imitation Game,8,"Biography, Drama, Thriller",114,2014,"$203,388,1"
95.The Avengers,8,"Action, Sci-Fi",143,2012,"$2,923,706,0"
96.Zootopia,8,"Animation, Adventure, Comedy",108,2016,"$312,897,9"
97.Casino Royale,8,"Action, Adventure, Thriller",144,2006,"$797,660,7"
98.The Incredibles,8,"Animation, Action, Adventure",115,2004,"$585,796,2"
99.Dances with Wolves,8,"Adventure, Drama, Western",181,1990,"$370,541,2"
100.Beauty and the Beast,8,"Animation, Family, Fantasy",84,1991,"$855,301,8"
101.JFK,8,"Drama, History, Thriller",189,1991,"$910,809,3"
102.Aladdin,8,"Animation, Adventure, Comedy",90,1992,"$385,680,4"
103.The Pursuit of Happyness,8,"Biography, Drama",117,2006,"$792,910,5"
104.Rain Man,8,Drama,133,1988,"$488,441,3"
105.Slumdog Millionaire,8,"Crime, Drama, Romance",120,2008,"$210,888,9"
106.The King's Speech,8,"Biography, Drama, History",118,2010,"$746,045,7"
107.The Bourne Ultimatum,8,"Action, Mystery, Thriller",115,2007,"$315,025,9"
108.Titanic,7.9,"Drama, Romance",194,1997,"$609,016,5"
109.Puss in Boots: The Last Wish,7.9,"Animation, Adventure, Comedy",102,2022,"$497,375,3"
110.Arrival(II) ,7.9,"Drama, Mystery, Sci-Fi",116,2016,"$213,977,2"
111.Avatar,7.9,"Action, Adventure, Fantasy",162,2009,"$427,653,4"
112.Knives Out,7.9,"Comedy, Crime, Drama",130,2019,"$770,962,5"
113.Harry Potter and the Prisoner of Azkaban,7.9,"Adventure, Family, Fantasy",142,2004,"$527,016,3"
114.Iron Man,7.9,"Action, Adventure, Sci-Fi",126,2008,"$218,843,6"
115.Edge of Tomorrow,7.9,"Action, Adventure, Sci-Fi",113,2014,"$1,058,682,1"
116.Thor: Ragnarok,7.9,"Action, Adventure, Comedy",130,2017,"$296,578,7"
117.Bohemian Rhapsody,7.9,"Biography, Drama, Music",134,2018,"$255,745,1"
118.Star Trek,7.9,"Action, Adventure, Sci-Fi",127,2009,"$1,142,471,2"
119.E.T. the Extra-Terrestrial,7.9,"Adventure, Family, Sci-Fi",115,1982,"$232,617,4"
120.Shrek,7.9,"Animation, Adventure, Comedy",90,2001,"$224,920,3"
121.District 9,7.9,"Action, Sci-Fi, Thriller",112,2009,"$269,755,4"
122.X-Men: Days of Future Past,7.9,"Action, Adventure, Sci-Fi",132,2014,"$1,017,030,6"
123.Wonder(I) ,7.9,"Drama, Family",113,2017,"$2,071,310,2"
124.Life of Pi,7.9,"Adventure, Drama, Fantasy",127,2012,"$429,632,1"
125.Toy Story 2,7.9,"Animation, Adventure, Comedy",92,1999,"$335,802,7"
126.Wo hu cang long,7.9,"Action, Adventure, Drama",120,2000,"$226,837,7"
127.John Wick: Chapter 4,7.8,"Action, Crime, Thriller",169,2023,"$235,956,8"
128.The Batman,7.8,"Action, Crime, Drama",176,2022,"$368,875,7"
129.Dunkirk,7.8,"Action, Drama, History",106,2017,"$214,034,2"
130.Little Women,7.8,"Drama, Romance",135,2019,"$959,027,9"
131.Rogue One,7.8,"Action, Adventure, Sci-Fi",133,2016,"$454,627,2"
132.Ghostbusters,7.8,"Action, Comedy, Fantasy",105,1984,"$1,155,046,4"
133.Get Out(I) ,7.8,"Horror, Mystery, Thriller",104,2017,"$657,869,6"
134.Skyfall,7.8,"Action, Adventure, Thriller",143,2012,"$332,500,0"
135.The Girl with the Dragon Tattoo,7.8,"Crime, Drama, Mystery",158,2011,"$714,421,5"
136.The Social Network,7.8,"Biography, Drama",120,2010,"$186,797,9"
137.American Gangster,7.8,"Biography, Crime, Drama",157,2007,"$201,634,9"
138.The Hobbit: An Unexpected Journey,7.8,"Adventure, Fantasy",169,2012,"$218,791,8"
139.Star Wars: Episode VII - The Force Awakens,7.8,"Action, Adventure, Sci-Fi",138,2015,"$227,994,7"
140.Cast Away,7.8,"Adventure, Drama, Romance",143,2000,"$621,537,5"
141.The Curious Case of Benjamin Button,7.8,"Drama, Fantasy, Romance",166,2008,"$451,183,3"
142.Taken(I) ,7.8,"Action, Crime, Thriller",90,2008,"$184,827,5"
143.Hidden Figures,7.8,"Biography, Drama, History",127,2016,"$896,815,1"
144.The Fugitive,7.8,"Action, Crime, Drama",130,1993,"$791,657,3"
145.The Bourne Identity,7.8,"Action, Mystery, Thriller",119,2002,"$414,351,5"
146.The Hobbit: The Desolation of Smaug,7.8,"Adventure, Drama, Fantasy",161,2013,"$469,328,0"
147.The Last Samurai,7.8,"Action, Drama",154,2003,"$977,070,3"
148.Captain America: Civil War,7.8,"Action, Sci-Fi",147,2016,"$450,717,1"
149.Big Hero 6,7.8,"Animation, Action, Adventure",102,2014,"$476,684,6"
150.Back to the Future Part II,7.8,"Adventure, Comedy, Sci-Fi",108,1989,"$236,412,4"
151.Captain America: The Winter Soldier,7.8,"Action, Adventure, Sci-Fi",136,2014,"$592,462,8"
152.Walk the Line,7.8,"Biography, Drama, Music",136,2005,"$243,240,1"
153.Straight Outta Compton,7.8,"Biography, Drama, History",147,2015,"$232,325,5"
154.Captain Phillips,7.8,"Action, Biography, Crime",134,2013,"$355,237,9"
155.Paddington 2,7.8,"Adventure, Comedy, Family",103,2017,"$468,266,1"
156.How to Train Your Dragon 2,7.8,"Animation, Action, Adventure",102,2014,"$352,616,6"
157.Wo bu shi yao shen,7.8,"Comedy, Drama",117,2018,"$748,049,9"
158.Gukjesijang,7.8,"Drama, War",126,2014,"$329,803,9"
159.Harry Potter and the Goblet of Fire,7.7,"Adventure, Family, Fantasy",157,2005,"$471,222,8"
160.Mission: Impossible - Fallout,7.7,"Action, Adventure, Thriller",147,2018,"$467,365,2"
161.Kingsman: The Secret Service,7.7,"Action, Adventure, Comedy",129,2014,"$1,073,841,3"
162.The Hangover,7.7,Comedy,100,2009,"$206,678,4"
163.Harry Potter and the Deathly Hallows: Part 1,7.7,"Adventure, Family, Fantasy",146,2010,"$314,178,0"
164.Ocean's Eleven,7.7,"Crime, Thriller",116,2001,"$181,001,4"
165.Home Alone,7.7,"Comedy, Family",103,1990,"$307,166,8"
166.Silver Linings Playbook,7.7,"Comedy, Drama, Romance",122,2012,"$290,835,2"
167.Tangled,7.7,"Animation, Adventure, Comedy",100,2010,"$2,320,250,2"
168.A Few Good Men,7.7,"Drama, Thriller",138,1992,"$1,023,842,9"
169.Argo,7.7,"Biography, Drama, Thriller",120,2012,"$377,617,5"
170.Apollo 13(I) ,7.7,"Adventure, Drama, History",140,1995,"$263,920,1"
171.The Lego Movie,7.7,"Animation, Action, Adventure",100,2014,"$186,003,5"
172.X: First Class,7.7,"Action, Sci-Fi",131,2011,"$185,382,8"
173.Gravity,7.7,"Drama, Sci-Fi, Thriller",91,2013,"$682,685,9"
174.Who Framed Roger Rabbit,7.7,"Animation, Adventure, Comedy",104,1988,"$456,082,3"
175.Wreck-It Ralph,7.7,"Animation, Adventure, Comedy",101,2012,"$863,756,0"
176.Star Trek Into Darkness,7.7,"Action, Adventure, Sci-Fi",132,2013,"$226,945,0"
177.Toy Story 4,7.7,"Animation, Adventure, Comedy",100,2019,"$211,822,6"
178.Philadelphia,7.7,Drama,125,1993,"$868,390,5"
179.As Good as It Gets,7.7,"Comedy, Drama, Romance",139,1997,"$934,519,3"
180.Road to Perdition,7.7,"Crime, Drama, Thriller",117,2002,"$247,933,2"
181.The Fault in Our Stars,7.7,"Drama, Romance",126,2014,"$785,896,6"
182.The Bourne Supremacy,7.7,"Action, Mystery, Thriller",108,2004,"$436,233,1"
183.Avatar: The Way of Water,7.6,"Action, Adventure, Fantasy",192,2022,"$209,947,0"
184.Harry Potter and the Sorcerer's Stone,7.6,"Adventure, Family, Fantasy",152,2001,"$184,928,5"
185.Once Upon a Time in... Hollywood,7.6,"Comedy, Drama",161,2019,Top Lifetime Grosses – Worldwi
186.The Fifth Element,7.6,"Action, Adventure, Sci-Fi",126,1997,"July 2, 20"
187.Inside Man,7.6,"Crime, Drama, Mystery",129,2006,"$309,231,6"
188.Watchmen,7.6,"Action, Drama, Mystery",162,2009,"$211,343,4"
189.Moana(I) ,7.6,"Animation, Adventure, Comedy",107,2016,"$632,083,1"
190.300,7.6,"Action, Drama",117,2006,"$710,644,5"
191.Guardians of the Galaxy Vol. 2,7.6,"Action, Adventure, Comedy",136,2017,"$304,320,2"
192.Baby Driver,7.6,"Action, Crime, Drama",113,2017,"$543,157,9"
193.Fury,7.6,"Action, Drama, War",134,2014,"$524,028,6"
194.Star Wars: Episode III - Revenge of the Sith,7.6,"Action, Adventure, Fantasy",140,2005,"$252,276,9"
195.Harry Potter and the Half-Blood Prince,7.6,"Action, Adventure, Family",153,2009,"$358,372,9"
196.Love Actually,7.6,"Comedy, Drama, Romance",135,2003,"$481,800,8"
197.Deadpool 2,7.6,"Action, Adventure, Comedy",119,2018,"$184,925,4"
198.A Star Is Born,7.6,"Drama, Music, Romance",136,2018,"$306,889,1"
199.The Others,7.6,"Horror, Mystery, Thriller",101,2001,"$1,243,225,6"
200.Moulin Rouge!,7.6,"Drama, Musical, Romance",127,2001,"$207,515,7"
201.The Blind Side,7.6,"Biography, Drama, Sport",129,2009,"$205,843,6"
202.The Little Mermaid,7.6,"Animation, Adventure, Family",83,1989,"$366,101,6"
203.Kung Fu Panda,7.6,"Animation, Action, Adventure",92,2008,"$204,826,6"
204.Dawn of the Planet of the Apes,7.6,"Action, Adventure, Drama",130,2014,"$182,016,6"
205.Mulan,7.6,"Animation, Adventure, Comedy",87,1998,"$225,918,7"
206.Despicable Me,7.6,"Animation, Adventure, Comedy",95,2010,"$320,406,2"
207.Sherlock Holmes,7.6,"Action, Adventure, Mystery",128,2009,"$435,732,5"
208.True Grit,7.6,"Drama, Western",110,2010,"$411,569,2"
209.Minority Report,7.6,"Action, Crime, Mystery",145,2002,"$198,087,2"
210.Rise of the Planet of the Apes,7.6,"Action, Drama, Sci-Fi",105,2011,"$333,107,2"
211.Snow White and the Seven Dwarfs,7.6,"Animation, Adventure, Family",83,1937,"$340,952,9"
212.Close Encounters of the Third Kind,7.6,"Drama, Sci-Fi",138,1977,"$220,239,9"
213.Incredibles 2,7.6,"Animation, Action, Adventure",118,2018,"$942,278,0"
214.Traffic,7.6,"Crime, Drama, Thriller",147,2000,"$223,664,6"
215.The Jungle Book,7.6,"Animation, Adventure, Comedy",78,1967,"$442,299,3"
216.Die Hard with a Vengeance,7.6,"Action, Adventure, Thriller",128,1995,"$261,317,9"
217.Gake no ue no Ponyo,7.6,"Animation, Adventure, Comedy",101,2008,"$865,011,7"
218.The Bridges of Madison County,7.6,"Drama, Romance",135,1995,"$193,772,5"
219.Shaonian de ni,7.6,"Crime, Drama, Romance",135,2019,"$232,372,6"
220.The Conjuring,7.5,"Horror, Mystery, Thriller",112,2013,"$788,976,4"
221.The Greatest Showman,7.5,"Biography, Drama, Musical",105,2017,"$200,512,6"
222.Batman,7.5,"Action, Adventure",126,1989,"$383,257,1"
223.Lo imposible,7.5,"Adventure, Drama, History",114,2012,"$211,622,5"
224.Indiana Jones and the Temple of Doom,7.5,"Action, Adventure",118,1984,"$213,719,9"
225.A Quiet Place,7.5,"Drama, Horror, Sci-Fi",90,2018,"$677,796,0"
226.Collateral,7.5,"Action, Crime, Drama",120,2004,"$185,770,3"
227.Harry Potter and the Order of the Phoenix,7.5,"Action, Adventure, Family",138,2007,"$192,951,4"
228.Interview with the Vampire: The Vampire Chronicles,7.5,"Drama, Fantasy, Horror",123,1994,"$194,137,0"
229.Les Misérables,7.5,"Drama, Musical, Romance",158,2012,"$222,446,8"
230.Total Recall,7.5,"Action, Adventure, Sci-Fi",113,1990,"$208,314,1"
231.The Hunger Games: Catching Fire,7.5,"Action, Adventure, Sci-Fi",146,2013,"$215,862,6"
232.Gangs of New York,7.5,"Crime, Drama",167,2002,"$682,716,6"
233.Juno,7.5,"Comedy, Drama",96,2007,"$825,025,0"
234.Spider-Man 2,7.5,"Action, Adventure, Sci-Fi",127,2004,"$408,400,6"
235.The Hunt for Red October,7.5,"Action, Adventure, Thriller",135,1990,"$925,668,3"
236.Ice Age,7.5,"Animation, Adventure, Comedy",81,2002,"$880,166,9"
237.Master and Commander: The Far Side of the World,7.5,"Action, Adventure, Drama",138,2003,"$607,274,1"
238.The Aviator,7.5,"Biography, Drama",170,2004,"$822,854,2"
239.Doctor Strange,7.5,"Action, Adventure, Fantasy",115,2016,"$694,713,3"
240.Hugo,7.5,"Adventure, Drama, Family",126,2011,"$328,349,3"
241.Tenki no ko,7.5,"Animation, Drama, Fantasy",112,2019,"$1,284,540,5"
242.The Curse of the Were-Rabbit,7.5,"Animation, Adventure, Comedy",85,2005,"$432,243,2"
243.Fahrenheit 9/11,7.5,"Documentary, Drama, War",122,2004,"$219,100,0"
244.Me Before You,7.4,"Drama, Romance",106,2016,"$1,066,179,7"
245.Bram Stoker's Dracula,7.4,"Drama, Fantasy, Horror",128,1992,"$300,478,4"
246.Mission: Impossible - Rogue Nation,7.4,"Action, Adventure, Thriller",131,2015,"$1,131,927,9"
247.Spider-Man,7.4,"Action, Adventure, Sci-Fi",121,2002,"$335,062,6"
248.Sing 2,7.4,"Animation, Adventure, Comedy",110,2021,"$256,271,2"
249.Harry Potter and the Chamber of Secrets,7.4,"Adventure, Family, Fantasy",161,2002,"$262,552,8"
250.Spider-Man: Homecoming,7.4,"Action, Adventure, Sci-Fi",133,2017,"$490,719,7"
251.Ready Player One,7.4,"Action, Adventure, Sci-Fi",140,2018,"$962,201,3"
252.Wonder Woman,7.4,"Action, Adventure, Fantasy",141,2017,"$967,724,7"
253.Mission: Impossible - Ghost Protocol,7.4,"Action, Adventure, Thriller",132,2011,"$194,694,7"
254.John Wick: Chapter 3 - Parabellum,7.4,"Action, Crime, Thriller",130,2019,"$240,797,6"
255.Frozen(I) ,7.4,"Animation, Adventure, Comedy",102,2013,"$231,976,4"
256.Shang-Chi and the Legend of the Ten Rings,7.4,"Action, Adventure, Fantasy",132,2021,"$245,077,5"
257.The Terminal,7.4,"Comedy, Drama, Romance",128,2004,"$407,711,5"
258.Pirates of the Caribbean: Dead Man's Chest,7.4,"Action, Adventure, Fantasy",151,2006,"$543,848,4"
259.Superman,7.4,"Action, Adventure, Sci-Fi",143,1978,"$524,580,5"
260.Spider-Man: Far from Home,7.4,"Action, Adventure, Comedy",129,2019,"$726,264,0"
261.The Rock,7.4,"Action, Adventure, Thriller",136,1996,"$209,221,3"
262.Erin Brockovich,7.4,"Biography, Drama",131,2000,"$208,177,0"
263.Borat: Cultural Learnings of America for Make Benefit Glorious Nation of Kazakhstan,7.4,Comedy,84,2006,"$365,304,1"
264.War for the Planet of the Apes,7.4,"Action, Adventure, Drama",140,2017,"$239,268,6"
265.The Hobbit: The Battle of the Five Armies,7.4,"Adventure, Fantasy",144,2014,"$774,153,0"
266.The Jungle Book,7.4,"Animation, Adventure, Drama",106,2016,"$497,409,8"
267.Downton Abbey,7.4,"Drama, Romance",122,2019,"$701,842,5"
268.Sully,7.4,"Biography, Drama",96,2016,"$589,390,5"
269.The English Patient,7.4,"Drama, Romance, War",162,1996,"$195,320,4"
270.Back to the Future Part III,7.4,"Adventure, Comedy, Sci-Fi",118,1990,"$278,454,4"
271.X2,7.4,"Action, Sci-Fi, Thriller",134,2003,"$288,670,2"
272.Sherlock Holmes: A Game of Shadows,7.4,"Action, Adventure, Mystery",129,2011,"$404,980,5"
273.How to Train Your Dragon: The Hidden World,7.4,"Animation, Action, Adventure",104,2019,"$321,834,3"
274.Ne Zha zhi mo tong jiang shi,7.4,"Animation, Action, Adventure",110,2019,"$378,882,4"
275.Hou lai de wo men,7.4,"Drama, Romance",120,2018,"$206,071,5"
276.Dungeons & Dragons: Honor Among Thieves,7.3,"Action, Adventure, Comedy",134,2023,"$233,503,2"
277.Tenet,7.3,"Action, Sci-Fi, Thriller",150,2020,"$1,349,926,0"
278.Bullet Train(I) ,7.3,"Action, Comedy, Thriller",127,2022,"$182,291,9"
279.No Time to Die,7.3,"Action, Adventure, Thriller",163,2021,"$245,676,1"
280.Troy,7.3,Drama,163,2004,"$252,712,1"
281.It(I) ,7.3,Horror,135,2017,"$296,339,5"
282.Men in Black,7.3,"Action, Adventure, Comedy",98,1997,"$195,333,3"
283.Rocketman(I) ,7.3,"Biography, Drama, Music",121,2019,"$547,459,0"
284.Split(IX) ,7.3,"Horror, Thriller",117,X 2016,"$350,448,1"
285.Elvis,7.3,"Biography, Drama, Music",159,2022,"$247,290,3"
286.Alita: Battle Angel,7.3,"Action, Adventure, Sci-Fi",122,2019,"$1,405,018,0"
287.The Conjuring 2,7.3,"Horror, Mystery, Thriller",134,2016,Top Lifetime Grosses – Worldwi
288.True Lies,7.3,"Action, Comedy, Thriller",141,1994,"July 2, 20"
289.Sleepy Hollow,7.3,"Fantasy, Horror, Mystery",105,1999,"$626,137,6"
290.Cruella,7.3,"Adventure, Comedy, Crime",134,2021,"$519,311,9"
291.Black Panther,7.3,"Action, Adventure, Sci-Fi",134,2018,"$273,552,5"
292.Cape Fear,7.3,"Crime, Thriller",128,1991,"$448,191,8"
293.Face/Off,7.3,"Action, Crime, Sci-Fi",138,1997,"$188,133,3"
294.Hercules,7.3,"Animation, Adventure, Comedy",93,1997,"$928,760,7"
295.X-Men,7.3,"Action, Adventure, Sci-Fi",104,2000,"$316,360,4"
296.The Shape of Water,7.3,"Drama, Fantasy, Romance",123,2017,"$273,144,1"
297.American Sniper,7.3,"Action, Biography, Drama",133,2014,"$275,293,4"
298.Speed,7.3,"Action, Adventure, Thriller",116,1994,"$248,118,1"
299.Dumb and Dumber,7.3,Comedy,107,1994,"$312,136,6"
300.Avengers: Age of Ultron,7.3,"Action, Adventure, Sci-Fi",141,2015,"$321,885,7"
301.Fast Five,7.3,"Action, Crime, Thriller",130,2011,"$282,422,6"
302.Ant-Man,7.3,"Action, Comedy, Sci-Fi",117,2015,"$970,766,0"
303.Jerry Maguire,7.3,"Comedy, Drama, Romance",139,1996,"$250,849,7"
304.Tarzan,7.3,"Animation, Adventure, Comedy",88,1999,"$1,029,266,9"
305.The Secret Life of Walter Mitty,7.3,"Adventure, Comedy, Drama",114,2013,"$227,853,9"
306.Shrek 2,7.3,"Animation, Adventure, Comedy",93,2004,"$373,993,9"
307.Beverly Hills Cop,7.3,"Action, Comedy, Crime",105,1984,"$215,880,0"
308.Lilo & Stitch,7.3,"Animation, Adventure, Comedy",85,2002,"$536,414,2"
309.Lincoln,7.3,"Biography, Drama, History",150,2012,"$267,447,1"
310.Unbreakable,7.3,"Drama, Mystery, Sci-Fi",106,2000,"$183,442,7"
311.The Lego Batman Movie,7.3,"Animation, Action, Adventure",104,2017,"$192,330,7"
312.Megamind,7.3,"Animation, Action, Comedy",95,2010,"$507,224,6"
313.Paddington,7.3,"Adventure, Comedy, Family",95,2014,"$694,394,7"
314.Despicable Me 2,7.3,"Animation, Adventure, Comedy",98,2013,"$218,122,6"
315.Enemy of the State,7.3,"Action, Thriller",132,1998,"$396,271,1"
316.Finding Dory,7.3,"Animation, Adventure, Comedy",97,2016,"$461,991,8"
317.Lethal Weapon 2,7.3,"Action, Crime, Thriller",114,1989,"$363,889,6"
318.The Adventures of Tintin,7.3,"Animation, Action, Adventure",107,2011,"$256,786,7"
319.One Hundred and One Dalmatians,7.3,"Animation, Adventure, Comedy",79,1961,"$251,171,8"
320.The Simpsons Movie,7.3,"Animation, Adventure, Comedy",87,2007,"$353,659,8"
321.Bambi,7.3,"Animation, Adventure, Drama",69,1942,"$612,054,5"
322.Stand by Me Doraemon,7.3,"Animation, Comedy, Drama",95,2014,"$585,410,0"
323.The Equalizer,7.2,"Action, Crime, Thriller",132,2014,"$297,372,2"
324.The Little Mermaid(I) ,7.2,"Adventure, Family, Fantasy",135,2023,"$201,585,3"
325.The Hunger Games,7.2,"Action, Adventure, Sci-Fi",142,2012,"$351,723,9"
326.Kingdom of Heaven,7.2,"Action, Adventure, Drama",144,2005,"$363,258,8"
327.Grease,7.2,"Comedy, Musical, Romance",110,1978,"$242,875,0"
328.Cars,7.2,"Animation, Adventure, Comedy",117,2006,"$814,044,0"
329.Notting Hill,7.2,"Comedy, Drama, Romance",124,1999,"$235,926,5"
330.Encanto,7.2,"Animation, Comedy, Family",102,2021,"$556,906,3"
331.American Hustle,7.2,"Crime, Drama",138,2013,"$215,294,3"
332.The Great Gatsby,7.2,"Drama, Romance",143,2013,"$218,613,1"
333.The Passion of the Christ,7.2,Drama,127,2004,"$741,847,9"
334.I Am Legend,7.2,"Action, Drama, Horror",101,2007,"$185,260,5"
335.A Quiet Place Part II,7.2,"Drama, Horror, Sci-Fi",97,2020,"$352,194,0"
336.21 Jump Street,7.2,"Action, Comedy, Crime",109,2012,"$209,196,2"
337.Now You See Me(I) ,7.2,"Crime, Mystery, Thriller",115,2013,"$306,776,7"
338.A Bug's Life,7.2,"Animation, Adventure, Comedy",95,1998,"$743,559,6"
339.8 Mile,7.2,"Drama, Music",110,2002,"$245,724,6"
340.Fantastic Beasts and Where to Find Them,7.2,"Adventure, Family, Fantasy",132,2016,"$257,938,6"
341.A.I. Artificial Intelligence,7.2,"Drama, Sci-Fi",146,2001,"$193,764,6"
342.King Kong,7.2,"Action, Adventure, Romance",187,2005,"$665,692,2"
343.The Patriot,7.2,"Action, Drama, History",165,2000,"$587,235,9"
344.The Prince of Egypt,7.2,"Animation, Adventure, Drama",99,1998,"$205,035,8"
345.The Matrix Reloaded,7.2,"Action, Sci-Fi",138,2003,"$306,941,6"
346.The Birdcage,7.2,Comedy,117,1996,"$197,744,3"
347.GoldenEye,7.2,"Action, Adventure, Thriller",130,1995,"$261,183,5"
348.Red Dragon,7.2,"Crime, Drama, Thriller",124,2002,"$1,336,903,3"
349.Chicago,7.2,"Comedy, Crime, Musical",113,2002,"$204,334,4"
350.Monsters University,7.2,"Animation, Adventure, Comedy",104,2013,"$457,696,3"
351.Rango,7.2,"Animation, Action, Adventure",107,2011,"$415,933,4"
352.The Full Monty,7.2,"Comedy, Drama",91,1997,"$668,045,5"
353.The Post,7.2,"Biography, Drama, History",116,2017,"$331,526,5"
354.Kung Fu Panda 2,7.2,"Animation, Action, Adventure",90,2011,"$463,406,2"
355.The Croods,7.2,"Animation, Action, Adventure",98,2013,"$441,286,1"
356.A Dog's Purpose,7.2,"Adventure, Comedy, Drama",100,2017,"$1,266,115,9"
357.Rise of the Guardians,7.2,"Animation, Action, Adventure",97,2012,"$195,702,9"
358.Christopher Robin,7.2,"Adventure, Comedy, Drama",104,2018,"$288,752,3"
359.This Is It,7.2,"Documentary, Drama, Music",111,2009,"$634,338,3"
360.The Super Mario Bros. Movie,7.1,"Animation, Adventure, Comedy",92,2023,"$249,348,9"
361.Ghostbusters: Afterlife,7.1,"Adventure, Comedy, Fantasy",124,2021,"$369,884,6"
362.Mission: Impossible,7.1,"Action, Adventure, Thriller",110,1996,"$262,821,9"
363.The Mummy,7.1,"Action, Adventure, Fantasy",124,1999,"$266,915,2"
364.Man of Steel,7.1,"Action, Adventure, Sci-Fi",143,2013,"$1,515,341,3"
365.Free Guy,7.1,"Action, Adventure, Comedy",115,2021,"$194,564,6"
366.Pretty Woman,7.1,"Comedy, Romance",119,1990,"$1,215,577,2"
367.Mrs. Doubtfire,7.1,"Comedy, Drama",125,1993,"$180,557,5"
368.Beauty and the Beast(I) ,7.1,"Adventure, Family, Fantasy",129,2017,"$267,045,7"
369.Tropic Thunder,7.1,"Action, Comedy, War",107,2008,"$961,691,2"
370.Coming to America,7.1,"Comedy, Romance",117,1988,"$505,703,5"
371.Sing,7.1,"Animation, Comedy, Family",108,2016,"$353,133,8"
372.The Ring,7.1,"Horror, Mystery",115,2002,"$538,983,2"
373.There's Something About Mary,7.1,"Comedy, Romance",119,1998,"$203,427,5"
374.Jumanji,7.1,"Adventure, Comedy, Family",104,1995,"$340,487,8"
375.Batman Returns,7.1,"Action, Crime, Fantasy",126,1992,"$388,156,0"
376.Fast & Furious 7,7.1,"Action, Crime, Thriller",137,2015,"$207,557,1"
377.The Intern(I) ,7.1,"Comedy, Drama",121,2015,"$201,545,5"
378.Iron Man Three,7.1,"Action, Adventure, Sci-Fi",130,2013,"$299,268,5"
379.Deja Vu,7.1,"Action, Crime, Sci-Fi",126,2006,"$245,700,8"
380.The Princess and the Frog,7.1,"Animation, Adventure, Comedy",97,2009,"$224,874,8"
381.Pirates of the Caribbean: At World's End,7.1,"Action, Adventure, Fantasy",169,2007,"$227,356,1"
382.Ghost,7.1,"Drama, Fantasy, Romance",127,1990,"$521,170,8"
"383.I, Robot",7.1,"Action, Mystery, Sci-Fi",115,2004,"$289,317,7"
384.Brave,7.1,"Animation, Action, Adventure",93,2012,"$240,031,2"
385.Everest,7.1,"Action, Adventure, Biography",121,2015,"$214,215,8"
386.Enchanted,7.1,"Animation, Adventure, Comedy",107,2007,"$227,514,2"
387.Live Free or Die Hard,7.1,"Action, Thriller",128,2007,"$245,144,4"
388.DC League of Super-Pets,7.1,"Animation, Action, Adventure",105,2022,"$235,483,0"
389.Valkyrie,7.1,"Drama, History, Thriller",121,2008,Top Lifetime Grosses – Worldwi
390.Real Steel,7.1,"Action, Drama, Sci-Fi",127,2011,"July 2, 20"
391.Four Weddings and a Funeral,7.1,"Comedy, Drama, Romance",117,1994,"$269,994,1"
392.Chicken Run,7.1,"Animation, Adventure, Comedy",84,2000,"$403,354,4"
393.Elf,7.1,"Adventure, Comedy, Family",97,2003,"$214,577,2"
394.Kung Fu Panda 3,7.1,"Animation, Action, Adventure",95,2016,"$218,340,5"
395.Shakespeare in Love,7.1,"Comedy, Drama, History",123,1998,"$449,326,6"
396.Die Hard 2,7.1,"Action, Thriller",124,1990,"$709,709,7"
397.Creed II,7.1,"Action, Drama, Sport",130,2018,"$352,927,2"
398.Out of Africa,7.1,"Biography, Drama, Romance",161,1985,"$244,721,0"
399.Bienvenue chez les Ch'tis,7.1,"Comedy, Romance",106,2008,"$303,144,1"
400.American Pie,7,Comedy,95,1999,"$199,006,3"
401.We're the Millers,7,"Comedy, Crime",110,2013,"$817,400,8"
402.Prometheus(I) ,7,"Adventure, Mystery, Sci-Fi",124,2012,"$196,567,2"
403.Dirty Dancing(I) ,7,"Drama, Music, Romance",100,1987,"$343,471,8"
404.Jack Reacher,7,"Action, Mystery, Thriller",130,2012,"$540,455,8"
405.Thor,7,"Action, Fantasy",115,2011,"$288,485,1"
406.Transformers,7,"Action, Adventure, Sci-Fi",144,2007,"$788,680,9"
407.Basic Instinct,7,"Drama, Mystery, Thriller",127,1992,"$230,884,7"
408.Rush Hour,7,"Action, Comedy, Crime",98,1998,"$367,799,0"
409.Passengers(I) ,7,"Drama, Romance, Sci-Fi",116,2016,"$235,666,2"
410.RED,7,"Action, Comedy, Crime",111,2010,"$214,104,6"
411.Independence Day,7,"Action, Adventure, Sci-Fi",145,1996,"$260,095,9"
412.Stargate,7,"Action, Adventure, Sci-Fi",116,1994,"$358,375,6"
413.Star Trek Beyond,7,"Action, Adventure, Sci-Fi",122,2016,"$286,168,5"
414.World War Z,7,"Action, Adventure, Horror",116,2013,"$331,333,8"
415.Wedding Crashers,7,"Comedy, Romance",119,2005,"$183,097,3"
416.Furious 6,7,"Action, Adventure, Crime",130,2013,"$330,444,0"
417.Constantine,7,"Action, Fantasy, Horror",121,2005,"$529,323,9"
418.Shazam!,7,"Action, Adventure, Comedy",132,2019,"$622,674,1"
419.Spy,7,"Action, Comedy",120,2015,"$325,338,8"
420.Public Enemies,7,"Action, Biography, Crime",140,2009,"$255,743,0"
421.Super 8,7,"Action, Mystery, Sci-Fi",112,2011,"$183,031,2"
422.Hotel Transylvania,7,"Animation, Adventure, Comedy",91,2012,"$189,176,4"
423.Oblivion(I) ,7,"Action, Adventure, Sci-Fi",124,2013,"$246,233,1"
424.22 Jump Street,7,"Action, Comedy, Crime",112,2014,"$190,304,7"
425.Wayne's World,7,"Comedy, Music",94,1992,"$822,009,7"
426.Meet the Parents,7,"Comedy, Romance",108,2000,"$227,091,2"
427.Ralph Breaks the Internet,7,"Animation, Adventure, Comedy",112,2018,"$357,288,1"
428.Ant-Man and the Wasp,7,"Action, Adventure, Comedy",118,2018,"$1,671,537,4"
429.The Hunchback of Notre Dame,7,"Animation, Drama, Family",91,1996,"$745,013,1"
430.Marley & Me,7,"Drama, Family",111,2008,"$549,368,3"
431.Maverick,7,"Action, Adventure, Comedy",127,1994,"$224,012,2"
432.The X Files,7,"Drama, Mystery, Sci-Fi",121,1998,"$392,924,8"
433.The Peanuts Movie,7,"Animation, Adventure, Comedy",88,2015,"$398,479,4"
434.Abominable,7,"Animation, Adventure, Comedy",97,2019,"$955,775,8"
"435.Ni hao, Li Huanying",7,"Comedy, Romance",128,2021,"$326,706,1"
436.Fang hua,7,"Drama, Romance, War",135,2017,"$542,358,3"
437.Top Gun,6.9,"Action, Drama",109,1986,"$1,054,304,0"
438.Jurassic World,6.9,"Action, Adventure, Sci-Fi",124,2015,"$351,583,4"
"439.The Chronicles of Narnia: The Lion, the Witch and the Wardrobe",6.9,"Adventure, Family, Fantasy",143,2005,"$370,569,7"
440.Ted,6.9,Comedy,106,2012,"$390,493,9"
441.Con Air,6.9,"Action, Crime, Thriller",115,1997,"$995,339,1"
442.Solo: A Star Wars Story,6.9,"Action, Adventure, Sci-Fi",135,2018,"$222,809,6"
443.Mission: Impossible III,6.9,"Action, Adventure, Thriller",126,2006,"$543,934,1"
444.Doctor Strange in the Multiverse of Madness,6.9,"Action, Adventure, Fantasy",126,2022,"$203,388,3"
445.The Devil Wears Prada,6.9,"Comedy, Drama",109,2006,"$1,334,407,7"
446.Cinderella(I) ,6.9,"Adventure, Drama, Family",105,2015,"$757,930,6"
447.Aladdin,6.9,"Adventure, Comedy, Family",128,2019,"$302,710,6"
448.The Mask,6.9,"Action, Comedy, Crime",101,1994,"$411,002,9"
449.Captain America: The First Avenger,6.9,"Action, Adventure, Sci-Fi",124,2011,"$238,843,7"
450.Robin Hood: Prince of Thieves,6.9,"Action, Adventure, Drama",143,1991,"$542,063,8"
451.Jumanji: Welcome to the Jungle,6.9,"Action, Adventure, Comedy",119,2017,"$209,838,5"
452.Non-Stop,6.9,"Action, Mystery, Thriller",106,2014,"$205,850,1"
453.X-Men: Apocalypse,6.9,"Action, Adventure, Sci-Fi",144,2016,"$623,933,3"
454.Vanilla Sky,6.9,"Fantasy, Mystery, Romance",136,2001,"$191,502,4"
455.Star Wars: Episode VIII - The Last Jedi,6.9,"Action, Adventure, Fantasy",152,2017,"$483,866,7"
456.The Amazing Spider-Man,6.9,"Action, Adventure, Sci-Fi",136,2012,"$320,145,6"
457.Liar Liar,6.9,"Comedy, Fantasy",86,1997,"$347,512,3"
458.Pacific Rim,6.9,"Action, Adventure, Sci-Fi",131,2013,"$759,853,6"
459.Crazy Rich Asians,6.9,"Comedy, Drama, Romance",120,2018,"$186,053,7"
460.Madagascar,6.9,"Animation, Adventure, Comedy",86,2005,"$219,922,4"
461.Horrible Bosses,6.9,"Comedy, Crime",98,2011,"$183,428,6"
462.The Holiday,6.9,"Comedy, Romance",136,2006,"$243,006,1"
463.Iron Man 2,6.9,"Action, Sci-Fi",124,2010,"$311,312,6"
464.The Addams Family,6.9,"Comedy, Fantasy",99,1991,"$215,887,7"
465.Rio,6.9,"Animation, Adventure, Comedy",96,2011,"$300,473,7"
466.Fatal Attraction,6.9,"Drama, Thriller",119,1987,"$254,134,9"
467.National Treasure,6.9,"Action, Adventure, Mystery",131,2004,"$215,905,8"
468.Maleficent,6.9,"Adventure, Family, Fantasy",97,2014,"$886,686,8"
469.Atlantis: The Lost Empire,6.9,"Animation, Action, Adventure",95,2001,"$221,303,1"
470.Knocked Up,6.9,"Comedy, Romance",129,2007,"$218,971,0"
471.The Hitman's Bodyguard,6.9,"Action, Comedy, Crime",118,2017,"$202,084,7"
472.Cloudy with a Chance of Meatballs,6.9,"Animation, Adventure, Comedy",90,2009,"$207,517,5"
473.Ocean's Thirteen,6.9,"Crime, Thriller",122,2007,"$351,692,2"
474.Clear and Present Danger,6.9,"Action, Crime, Drama",141,1994,"$306,442,0"
475.Rocky IV,6.9,"Drama, Sport",91,1985,"$300,854,8"
476.Babe,6.9,"Comedy, Drama, Family",91,1995,"$1,663,075,4"
477.The Croods: A New Age,6.9,"Animation, Adventure, Comedy",95,2020,"$1,148,528,3"
478.Ice Age: Dawn of the Dinosaurs,6.9,"Animation, Adventure, Comedy",94,2009,"$408,247,9"
479.Presumed Innocent,6.9,"Mystery, Thriller",127,1990,"$348,319,8"
480.The Flash(I) ,6.8,"Action, Adventure, Fantasy",144,2023,"$275,248,6"
481.Teenage Mutant Ninja Turtles,6.8,"Action, Adventure, Comedy",93,1990,"$654,213,4"
482.The Fast and the Furious,6.8,"Action, Crime, Thriller",106,2001,"$1,131,416,4"
483.Hannibal,6.8,"Crime, Drama, Thriller",131,2001,"$250,162,2"
484.Bridesmaids(I) ,6.8,"Comedy, Romance",125,2011,"$256,067,1"
485.Hook,6.8,"Adventure, Comedy, Family",142,1991,"$400,063,8"
486.The Lion King,6.8,"Animation, Adventure, Drama",118,2019,"$880,705,3"
487.Aquaman,6.8,"Action, Adventure, Fantasy",143,2018,"$237,113,1"
488.Signs,6.8,"Drama, Mystery, Sci-Fi",106,2002,"$229,147,5"
489.The Maze Runner,6.8,"Action, Mystery, Sci-Fi",113,2014,"$334,272,5"
490.Creed III,6.8,"Drama, Sport",116,2023,"$227,927,1"
491.Men in Black 3,6.8,"Action, Adventure, Comedy",106,2012,Top Lifetime Grosses – Worldwi
492.Captain Marvel,6.8,"Action, Adventure, Sci-Fi",123,2019,"July 2, 20"
493.The Bad Guys,6.8,"Animation, Adventure, Comedy",100,2022,"$197,079,5"
494.Us(II) ,6.8,"Horror, Mystery, Thriller",116,2019,"$484,592,8"
495.Tron,6.8,"Action, Adventure, Sci-Fi",125,2010,"$644,783,1"
496.Spectre(I) ,6.8,"Action, Adventure, Thriller",148,2015,"$198,520,9"
497.Saturday Night Fever,6.8,"Drama, Music",118,1977,"$1,453,683,4"
498.Ghostbusters,6.8,"Action, Comedy, Fantasy",117,2016,"$211,468,2"
499.Bridget Jones's Diary,6.8,"Comedy, Drama, Romance",97,2001,"$270,248,3"
500.Sleepless in Seattle,6.8,"Comedy, Drama, Romance",105,1993,"$179,033,7"
501.Panic Room,6.8,"Crime, Drama, Thriller",112,2002,"$358,994,8"
502.Bruce Almighty,6.8,"Comedy, Fantasy",101,2003,"$250,288,5"
503.Thor: The Dark World,6.8,"Action, Adventure, Fantasy",112,2013,"$223,241,6"
504.50 First Dates,6.8,"Comedy, Drama, Romance",99,2004,"$196,114,5"
505.Frozen II,6.8,"Animation, Adventure, Comedy",103,2019,"$309,979,9"
506.A Series of Unfortunate Events,6.8,"Adventure, Comedy, Family",108,2004,"$746,921,2"
507.The Firm,6.8,"Drama, Mystery, Thriller",154,1993,"$182,057,0"
508.City Slickers,6.8,"Comedy, Western",113,1991,"$250,397,7"
509.Home Alone 2: Lost in New York,6.8,"Adventure, Comedy, Crime",120,1992,"$298,572,7"
510.The Mask of Zorro,6.8,"Action, Adventure, Comedy",136,1998,"$667,094,5"
511.Yes Man,6.8,"Comedy, Romance",104,2008,"$202,292,9"
512.The Vow,6.8,"Drama, Romance",104,2012,"$275,698,0"
513.Bolt,6.8,"Animation, Adventure, Comedy",96,2008,"$183,510,2"
514.Madagascar 3: Europe's Most Wanted,6.8,"Animation, Adventure, Comedy",95,2012,"$325,286,6"
515.While You Were Sleeping,6.8,"Comedy, Drama, Romance",103,1995,"$188,116,7"
516.Brother Bear,6.8,"Animation, Adventure, Comedy",85,2003,"$191,602,1"
517.Horton Hears a Who!,6.8,"Animation, Adventure, Comedy",86,2008,"$190,400,1"
518.Ice Age: The Meltdown,6.8,"Animation, Adventure, Comedy",91,2006,"$474,968,7"
519.Patch Adams,6.8,"Biography, Comedy, Drama",115,1998,"$859,208,8"
520.Mr. Peabody & Sherman,6.8,"Animation, Adventure, Comedy",92,2014,"$379,751,6"
521.Storks,6.8,"Animation, Adventure, Comedy",87,2016,"$410,902,6"
522.A Christmas Carol,6.8,"Animation, Adventure, Comedy",96,2009,"$553,709,7"
523.Mou seung,6.8,"Action, Crime, Mystery",130,2018,"$342,463,0"
524.Wu sha,6.8,"Crime, Drama, Thriller",112,2019,"$317,375,0"
525.The Equalizer 2,6.7,"Action, Crime, Thriller",121,2018,"$296,482,4"
526.Charlie and the Chocolate Factory,6.7,"Adventure, Comedy, Family",115,2005,"$439,048,9"
527.Black Panther: Wakanda Forever,6.7,"Action, Adventure, Drama",161,2022,"$801,693,9"
528.Black Widow,6.7,"Action, Adventure, Sci-Fi",134,2021,"$250,821,4"
529.Kingsman: The Golden Circle,6.7,"Action, Adventure, Comedy",141,2017,"$187,170,7"
530.Armageddon,6.7,"Action, Adventure, Sci-Fi",151,1998,"$467,989,6"
531.Wanted,6.7,"Action, Crime, Thriller",110,2008,"$383,930,6"
532.The Proposal(I) ,6.7,"Comedy, Drama, Romance",108,2009,"$566,652,8"
533.Miss Peregrine's Home for Peculiar Children,6.7,"Adventure, Drama, Family",127,2016,"$346,079,7"
534.Warcraft,6.7,"Action, Adventure, Fantasy",123,2016,"$347,325,8"
535.Jumanji: The Next Level,6.7,"Action, Adventure, Comedy",123,2019,"$414,828,2"
536.You've Got Mail,6.7,"Comedy, Drama, Romance",119,1998,"$234,989,5"
537.One Piece Film Red,6.7,"Animation, Action, Adventure",115,2022,"$349,546,1"
538.Bumblebee(I) ,6.7,"Action, Adventure, Sci-Fi",114,2018,"$208,076,2"
539.Cars 3,6.7,"Animation, Adventure, Comedy",102,2017,"$427,344,3"
540.Kong: Skull Island,6.7,"Action, Adventure, Fantasy",118,2017,"$181,096,1"
541.Pocahontas(I) ,6.7,"Animation, Adventure, Drama",81,1995,"$203,627,7"
542.Rush Hour 2,6.7,"Action, Comedy, Crime",90,2001,"$332,207,6"
543.The Wolverine,6.7,"Action, Sci-Fi",126,2013,"$485,930,8"
544.American Reunion,6.7,Comedy,113,2012,"$339,795,8"
545.Mary Poppins Returns,6.7,"Adventure, Comedy, Family",130,2018,"$198,685,1"
546.Safe House,6.7,"Action, Thriller",115,2012,"$296,069,1"
547.The Matrix Revolutions,6.7,"Action, Sci-Fi",129,2003,"$265,328,7"
548.Hot Shots!,6.7,"Action, Comedy",84,1991,"$321,731,5"
549.Hairspray,6.7,"Comedy, Drama, Musical",117,2007,"$309,492,6"
550.The Good Dinosaur,6.7,"Animation, Adventure, Comedy",93,2015,"$186,883,5"
551.Angels & Demons,6.7,"Action, Mystery, Thriller",138,2009,"$205,637,1"
552.Over the Hedge,6.7,"Animation, Adventure, Comedy",83,2006,"$461,421,5"
553.City of Angels,6.7,"Drama, Fantasy, Romance",114,1998,"$216,000,0"
554.Ferdinand,6.7,"Animation, Adventure, Comedy",108,2017,"$228,122,9"
555.Something's Gotta Give,6.7,"Comedy, Drama, Romance",128,2003,"$368,744,0"
556.Lethal Weapon 3,6.7,"Action, Crime, Thriller",118,1992,"$288,885,8"
557.Ransom,6.7,"Action, Crime, Thriller",121,1996,"$653,779,9"
558.The Horse Whisperer,6.7,"Drama, Romance, Western",169,1998,"$708,982,3"
559.Xi you: Xiang mo pian,6.7,"Action, Adventure, Comedy",110,2013,"$856,085,1"
560.Ba bai,6.7,"Action, Drama, History",149,2020,"$1,236,005,1"
561.Song ni yi duo xiao hong hua,6.7,"Drama, Family",122,2020,"$1,046,721,2"
562.Xia Luo te fan nao,6.7,"Comedy, Drama, Fantasy",104,2015,"$402,264,8"
563.My Big Fat Greek Wedding,6.6,"Comedy, Drama, Romance",95,2002,"$246,999,0"
564.Divergent,6.6,"Action, Adventure, Mystery",139,2014,"$589,580,4"
565.Star Wars: Episode II - Attack of the Clones,6.6,"Action, Adventure, Fantasy",142,2002,"$314,975,9"
566.The Amazing Spider-Man 2,6.6,"Action, Adventure, Sci-Fi",142,2014,"$284,139,1"
567.Venom,6.6,"Action, Adventure, Sci-Fi",112,2018,"$755,356,7"
568.The Fate of the Furious,6.6,"Action, Crime, Thriller",136,2017,"$256,697,5"
569.Pirates of the Caribbean: On Stranger Tides,6.6,"Action, Adventure, Fantasy",137,2011,"$415,484,9"
570.Mamma Mia! Here We Go Again,6.6,"Comedy, Musical, Romance",114,2018,"$286,140,7"
571.Glass,6.6,"Drama, Horror, Sci-Fi",129,2019,"$215,394,7"
572.Quantum of Solace,6.6,"Action, Adventure, Mystery",106,2008,"$264,770,9"
573.The Expendables 2,6.6,"Action, Adventure, Thriller",103,2012,"$220,889,4"
574.John Carter,6.6,"Action, Adventure, Sci-Fi",132,2012,"$321,669,7"
575.The Hunger Games: Mockingjay - Part 1,6.6,"Action, Adventure, Sci-Fi",123,2014,"$760,006,9"
576.The Village,6.6,"Drama, Mystery, Thriller",108,2004,"$460,435,2"
577.Jason Bourne(I) ,6.6,"Action, Thriller",123,2016,"$554,987,4"
578.Elysium(I) ,6.6,"Action, Drama, Sci-Fi",109,2013,"$328,203,5"
579.Ghostbusters II,6.6,"Action, Comedy, Fantasy",108,1989,"$291,420,3"
580.The Incredible Hulk,6.6,"Action, Adventure, Sci-Fi",112,2008,"$371,594,2"
581.Jungle Cruise,6.6,"Action, Adventure, Comedy",127,2021,"$229,930,7"
582.Robin Hood,6.6,"Action, Adventure, Drama",140,2010,"$336,365,6"
583.The Da Vinci Code,6.6,"Mystery, Thriller",149,2006,"$312,016,9"
584.X-Men: The Last Stand,6.6,"Action, Adventure, Sci-Fi",104,2006,"$211,787,5"
585.Puss in Boots,6.6,"Animation, Adventure, Comedy",90,2011,"$491,730,0"
586.Crocodile Dundee,6.6,"Action, Adventure, Comedy",97,1986,"$189,859,5"
587.What Lies Beneath,6.6,"Drama, Horror, Mystery",130,2000,"$199,603,2"
588.Hitch(I) ,6.6,"Comedy, Romance",118,2005,"$195,268,0"
589.The Heat(I) ,6.6,"Action, Comedy, Crime",117,2013,"$276,144,7"
590.Prince of Persia: The Sands of Time,6.6,"Action, Adventure, Fantasy",116,2010,"$316,897,7"
591.Austin Powers: The Spy Who Shagged Me,6.6,"Action, Adventure, Comedy",95,1999,"$178,767,3"
592.Australia,6.6,"Adventure, Drama, Romance",165,2008,"$273,339,5"
593.Maleficent: Mistress of Evil,6.6,"Adventure, Family, Fantasy",119,2019,Top Lifetime Grosses – Worldwi
594.Outbreak,6.6,"Action, Drama, Thriller",127,1995,"July 2, 20"
595.The Lego Movie 2: The Second Part,6.6,"Animation, Action, Adventure",107,2019,"$603,900,3"
596.The Pelican Brief,6.6,"Crime, Drama, Mystery",141,1993,"$475,186,7"
597.The Bourne Legacy,6.6,"Action, Adventure, Thriller",135,2012,"$268,426,6"
598.The Polar Express,6.6,"Animation, Adventure, Comedy",100,2004,"$373,515,6"
599.Eagle Eye,6.6,"Action, Mystery, Thriller",118,2008,"$285,444,6"
600.Bad Boys II,6.6,"Action, Comedy, Crime",147,2003,"$351,496,0"
601.Madagascar: Escape 2 Africa,6.6,"Animation, Adventure, Comedy",89,2008,"$214,115,5"
602.Hotel Transylvania 2,6.6,"Animation, Adventure, Comedy",89,2015,"$579,330,4"
603.Epic,6.6,"Animation, Action, Adventure",102,2013,"$205,842,3"
604.Penguins of Madagascar,6.6,"Animation, Action, Adventure",92,2014,"$198,921,6"
605.Lethal Weapon 4,6.6,"Action, Crime, Thriller",127,1998,"$211,019,0"
606.Peter Rabbit,6.6,"Adventure, Comedy, Crime",95,2018,"$217,408,5"
607.Smallfoot,6.6,"Animation, Adventure, Comedy",96,2018,"$1,027,082,7"
608.Hong hai xing dong,6.6,"Action, Drama, Thriller",142,2018,"$352,794,0"
609.Nou fo,6.6,"Action, Adventure, Crime",126,2021,"$494,580,6"
610.Chak dan juen ga 2,6.6,"Action, Crime, Thriller",120,2020,"$1,077,022,3"
611.Qi ji · Ben xiao hai,6.6,"Comedy, Drama",106,2022,"$873,637,5"
612.Smile(V) ,6.5,"Horror, Mystery, Thriller",115,V 2022,"$694,478,3"
613.Star Wars: Episode I - The Phantom Menace,6.5,"Action, Adventure, Fantasy",136,1999,"$360,366,8"
614.Murder on the Orient Express,6.5,"Crime, Drama, Mystery",114,2017,"$618,638,9"
615.Twister(I) ,6.5,"Action, Adventure, Thriller",113,1996,"$795,922,2"
616.Star Wars: Episode IX - The Rise of Skywalker,6.5,"Action, Adventure, Fantasy",141,2019,"$405,421,5"
617.Batman v Superman: Dawn of Justice,6.5,"Action, Adventure, Sci-Fi",151,2016,"$552,639,5"
618.Mamma Mia!,6.5,"Comedy, Musical, Romance",108,2008,"$603,873,1"
619.Fast & Furious,6.5,"Action, Crime, Thriller",107,2009,"$473,122,5"
620.The Lost World: Jurassic Park,6.5,"Action, Adventure, Sci-Fi",129,1997,"$319,715,6"
621.Pirates of the Caribbean: Dead Men Tell No Tales,6.5,"Action, Adventure, Fantasy",129,2017,"$574,481,2"
622.Sonic the Hedgehog 2,6.5,"Action, Adventure, Comedy",122,2022,"$654,855,9"
623.The Day After Tomorrow,6.5,"Action, Adventure, Sci-Fi",124,2004,"$487,287,6"
624.War of the Worlds,6.5,"Action, Adventure, Sci-Fi",116,2005,"$237,202,2"
625.It Chapter Two,6.5,"Drama, Fantasy, Horror",169,2019,"$371,353,0"
626.Sonic the Hedgehog,6.5,"Action, Adventure, Comedy",99,2020,"$231,605,1"
627.Night at the Museum,6.5,"Adventure, Comedy, Family",108,2006,"$373,062,8"
628.Fantastic Beasts: The Crimes of Grindelwald,6.5,"Adventure, Family, Fantasy",134,2018,"$760,732,9"
629.Mr. & Mrs. Smith,6.5,"Action, Comedy, Crime",120,2005,"$894,328,4"
630.Gone in Sixty Seconds,6.5,"Action, Crime, Thriller",118,2000,"$653,428,2"
631.Terminator Salvation,6.5,"Action, Adventure, Sci-Fi",115,2009,"$248,639,0"
632.Sister Act,6.5,"Comedy, Family, Music",100,1992,"$219,103,6"
633.X-Men Origins: Wolverine,6.5,"Action, Sci-Fi",107,2009,"$328,718,4"
634.Fast & Furious Presents: Hobbs & Shaw,6.5,"Action, Adventure, Thriller",137,2019,"$362,744,2"
635.The Secret Life of Pets,6.5,"Animation, Adventure, Comedy",87,2016,"$449,762,6"
636.The Hunger Games: Mockingjay - Part 2,6.5,"Action, Adventure, Sci-Fi",137,2015,"$306,515,8"
637.The Blair Witch Project,6.5,"Horror, Mystery",81,1999,"$259,939,8"
638.It's Complicated,6.5,"Comedy, Drama, Romance",121,2009,"$315,156,4"
639.The Perfect Storm,6.5,"Action, Adventure, Drama",130,2000,"$419,665,5"
640.Ocean's Twelve,6.5,"Crime, Thriller",125,2004,"$300,400,4"
641.Pokémon: Detective Pikachu,6.5,"Action, Adventure, Comedy",104,2019,"$939,628,2"
642.Annabelle: Creation,6.5,"Horror, Mystery, Thriller",109,2017,"$586,764,3"
643.Halloween(I) ,6.5,"Crime, Horror, Thriller",106,2018,"$230,594,9"
644.Air Force One,6.5,"Action, Drama, Thriller",124,1997,"$182,968,9"
645.The Chronicles of Narnia: Prince Caspian,6.5,"Action, Adventure, Family",150,2008,"$386,041,6"
646.Rambo: First Blood Part II,6.5,"Action, Adventure, Thriller",96,1985,"$426,505,2"
647.Minions: The Rise of Gru,6.5,"Animation, Adventure, Comedy",87,2022,"$255,000,2"
648.The Hangover Part II,6.5,Comedy,102,2011,"$333,011,0"
649.Space Jam,6.5,"Animation, Adventure, Comedy",88,1996,"$230,685,4"
650.The Man in the Iron Mask(I) ,6.5,"Action, Adventure, Drama",132,1998,"$211,780,8"
651.Home(II) ,6.5,"Animation, Adventure, Comedy",94,2015,"$877,244,7"
652.Bad Boys for Life,6.5,"Action, Comedy, Crime",124,2020,"$211,952,4"
653.Cliffhanger,6.5,"Action, Adventure, Thriller",113,1993,"$299,965,0"
654.Tomorrow Never Dies,6.5,"Action, Adventure, Thriller",119,1997,"$179,519,4"
655.Get Smart,6.5,"Action, Adventure, Comedy",110,2008,"$459,242,2"
656.Due Date,6.5,"Comedy, Drama",95,2010,"$190,539,3"
657.Ice Age: Continental Drift,6.5,"Animation, Adventure, Comedy",88,2012,"$251,212,6"
658.Bridget Jones's Baby,6.5,"Comedy, Drama, Romance",123,2016,"$181,325,5"
659.Beverly Hills Cop II,6.5,"Action, Comedy, Crime",100,1987,"$240,646,3"
660.Dangerous Minds,6.5,"Biography, Drama",99,1995,"$422,390,8"
661.National Treasure: Book of Secrets,6.5,"Action, Adventure, Mystery",124,2007,"$179,550,3"
662.The Santa Clause,6.5,"Comedy, Drama, Family",97,1994,"$214,945,5"
663.Bean,6.5,"Adventure, Comedy, Family",89,1997,"$240,891,7"
664.Xuan ya zhi shang,6.5,"Crime, Drama, Thriller",120,2021,"$274,470,3"
665.Jiang Ziya,6.5,"Animation, Action, Adventure",110,2020,"$225,973,3"
666.Wo he wo de jia xiang,6.5,Drama,153,2020,"$469,058,5"
667.M3GAN,6.4,"Horror, Sci-Fi, Thriller",102,2022,"$1,025,468,2"
668.Just Go with It,6.4,"Comedy, Romance",117,2011,"$191,466,5"
669.Alien: Covenant,6.4,"Horror, Sci-Fi, Thriller",122,2017,"$234,801,8"
670.The Expendables,6.4,"Action, Adventure, Thriller",103,2010,"$347,182,8"
671.Valerian and the City of a Thousand Planets,6.4,"Action, Adventure, Fantasy",136,2017,"$179,379,5"
672.Lucy(I) ,6.4,"Action, Sci-Fi, Thriller",89,2014,"$203,277,6"
673.Alice in Wonderland(I) ,6.4,"Adventure, Family, Fantasy",108,2010,"$240,685,3"
674.The Longest Yard,6.4,"Comedy, Crime, Sport",113,2005,"$287,144,0"
675.Big Daddy,6.4,"Comedy, Drama",93,1999,"$443,280,9"
676.Trolls,6.4,"Animation, Adventure, Comedy",92,2016,"$524,976,0"
677.The Dictator,6.4,Comedy,83,2012,"$222,724,1"
678.Need for Speed,6.4,"Action, Adventure, Crime",132,2014,"$209,035,6"
679.Click,6.4,"Comedy, Drama, Fantasy",107,2006,"$287,553,5"
680.Pitch Perfect 2,6.4,"Comedy, Music",115,2015,"$374,111,7"
681.The Mummy Returns,6.4,"Action, Adventure, Fantasy",130,2001,"$262,511,4"
682.Godzilla,6.4,"Action, Adventure, Sci-Fi",123,2014,"$334,897,6"
"683.Honey, I Shrunk the Kids",6.4,"Adventure, Comedy, Family",93,1989,"$1,159,444,6"
684.Tomorrowland,6.4,"Action, Adventure, Family",130,2015,"$205,599,3"
685.American Pie 2,6.4,Comedy,108,2001,"$181,489,2"
686.What Women Want,6.4,"Comedy, Fantasy, Romance",127,2000,"$349,183,3"
687.Robots,6.4,"Animation, Adventure, Comedy",91,2005,"$361,832,4"
688.Now You See Me 2,6.4,"Action, Adventure, Comedy",129,2016,"$178,866,1"
689.Minions,6.4,"Animation, Adventure, Comedy",91,2015,"$293,503,3"
690.The Ugly Truth,6.4,"Comedy, Romance",96,2009,"$526,760,6"
691.The First Wives Club,6.4,Comedy,103,1996,"$629,443,4"
692.The Lorax,6.4,"Animation, Adventure, Comedy",86,2012,"$381,509,8"
693.The World Is Not Enough,6.4,"Action, Adventure, Thriller",128,1999,"$260,502,1"
694.He's Just Not That Into You,6.4,"Comedy, Drama, Romance",129,2009,"$212,385,5"
695.Salt,6.4,"Action, Thriller",100,2010,Top Lifetime Grosses – Worldwi
696.The Grinch,6.4,"Animation, Comedy, Family",85,2018,"July 2, 20"
697.Hancock,6.4,"Action, Comedy, Drama",92,2008,"$193,921,3"
698.Monsters vs. Aliens,6.4,"Animation, Action, Adventure",94,2009,"$349,822,7"
699.The Lone Ranger,6.4,"Action, Adventure, Western",150,2013,"$384,336,1"
700.Ace Ventura: When Nature Calls,6.4,"Adventure, Comedy, Crime",90,1995,"$282,570,6"
701.The Sum of All Fears,6.4,"Action, Drama, Thriller",124,2002,"$431,058,6"
702.Dinosaur,6.4,"Animation, Adventure, Drama",82,2000,"$232,225,9"
703.Happy Feet,6.4,"Animation, Adventure, Comedy",108,2006,"$460,237,6"
704.Turbo,6.4,"Animation, Adventure, Comedy",96,2013,"$450,064,9"
705.The Secret Life of Pets 2,6.4,"Animation, Adventure, Comedy",86,2019,"$189,017,5"
706.Mr. Bean's Holiday,6.4,"Comedy, Family",90,2007,"$393,252,1"
707.Du xing yue qiu,6.4,"Comedy, Sci-Fi",122,2022,"$402,064,8"
708.Wo he wo de zu guo,6.4,"Drama, History",154,2019,"$407,141,2"
709.Xin hua lu fang,6.4,"Comedy, Drama, Romance",116,2014,"$894,983,3"
710.Black Adam,6.3,"Action, Adventure, Fantasy",125,2022,"$274,650,8"
711.Eternals,6.3,"Action, Adventure, Fantasy",156,2021,"$264,218,2"
712.Uncharted,6.3,"Action, Adventure",116,2022,"$297,795,7"
713.Spider-Man 3,6.3,"Action, Adventure, Sci-Fi",139,2007,"$440,603,5"
714.Tomb Raider,6.3,"Action, Adventure, Fantasy",119,2018,"$203,567,8"
715.Waterworld,6.3,"Action, Adventure, Sci-Fi",135,1995,"$206,431,0"
716.Ocean's Eight,6.3,"Action, Comedy, Crime",110,2018,"$261,989,7"
717.Terminator Genisys,6.3,"Action, Adventure, Sci-Fi",126,2015,"$470,116,0"
718.King Arthur,6.3,"Action, Adventure, Drama",126,2004,"$215,863,6"
719.The Conjuring: The Devil Made Me Do It,6.3,"Horror, Mystery, Thriller",112,2021,"$527,965,9"
720.Knight and Day,6.3,"Action, Adventure, Comedy",109,2010,"$345,823,0"
721.Godzilla vs. Kong,6.3,"Action, Sci-Fi, Thriller",113,2021,"$212,742,7"
722.Ted 2,6.3,Comedy,115,2015,"$433,371,1"
723.The Boss Baby,6.3,"Animation, Adventure, Comedy",97,2017,"$415,686,2"
724.How the Grinch Stole Christmas,6.3,"Comedy, Family, Fantasy",104,2000,"$411,046,4"
725.Miss Congeniality,6.3,"Action, Comedy, Crime",109,2000,"$270,665,1"
726.Terminator 3: Rise of the Machines,6.3,"Action, Sci-Fi",109,2003,"$205,366,7"
727.The Chronicles of Narnia: The Voyage of the Dawn Treader,6.3,"Adventure, Family, Fantasy",113,2010,"$522,657,9"
728.The Bodyguard,6.3,"Action, Drama, Music",129,1992,"$193,355,8"
729.Neighbors(I) ,6.3,Comedy,97,2014,"$299,288,6"
730.White House Down,6.3,"Action, Drama, Thriller",131,2013,"$216,972,5"
731.Meet the Fockers,6.3,"Comedy, Romance",115,2004,"$312,296,0"
732.Paranormal Activity,6.3,"Horror, Mystery",86,2007,"$223,387,2"
733.My Best Friend's Wedding,6.3,"Comedy, Drama, Romance",105,1997,"$195,243,4"
734.Central Intelligence,6.3,"Action, Comedy, Crime",107,2016,"$197,687,6"
735.Maze Runner: The Scorch Trials,6.3,"Action, Adventure, Sci-Fi",131,2015,"$196,393,7"
736.Flightplan,6.3,"Drama, Mystery, Thriller",98,2005,"$352,333,9"
737.The BFG,6.3,"Adventure, Family, Fantasy",117,2016,"$498,781,1"
738.Jack the Giant Slayer,6.3,"Action, Adventure, Fantasy",114,2013,"$493,311,8"
739.Beowulf,6.3,"Animation, Action, Adventure",115,2007,"$232,722,9"
740.Angry Birds,6.3,"Animation, Action, Adventure",97,2016,"$752,600,8"
741.Rio 2,6.3,"Animation, Adventure, Comedy",101,2014,"$528,583,7"
742.Oz the Great and Powerful,6.3,"Adventure, Family, Fantasy",130,2013,"$212,404,3"
743.American Wedding,6.3,Comedy,96,2003,"$274,325,9"
744.Shrek Forever After,6.3,"Animation, Adventure, Comedy",95,2010,"$353,284,6"
745.Hotel Transylvania 3: Summer Vacation,6.3,"Animation, Adventure, Comedy",97,2018,"$255,863,1"
746.Entrapment,6.3,"Action, Crime, Romance",113,1999,"$760,928,0"
747.Cloudy with a Chance of Meatballs 2,6.3,"Animation, Adventure, Comedy",95,2013,"$790,653,9"
748.Dumbo,6.3,"Adventure, Family, Fantasy",112,2019,"$407,150,8"
749.Fei chi ren sheng,6.3,"Comedy, Sport",98,2019,"$349,464,6"
750.Thor: Love and Thunder,6.2,"Action, Adventure, Comedy",118,2022,"$278,019,7"
751.Indiana Jones and the Kingdom of the Crystal Skull,6.2,"Action, Adventure",122,2008,"$449,220,9"
752.Fantastic Beasts: The Secrets of Dumbledore,6.2,"Adventure, Family, Fantasy",142,2022,"$261,119,2"
753.Deep Impact,6.2,"Action, Drama, Sci-Fi",120,1998,"$297,002,5"
754.Scary Movie,6.2,Comedy,88,2000,"$180,622,4"
755.Pearl Harbor,6.2,"Action, Drama, History",183,2001,"$445,135,2"
756.Terminator: Dark Fate,6.2,"Action, Adventure, Sci-Fi",128,2019,"$356,700,3"
757.Insurgent,6.2,"Action, Adventure, Sci-Fi",119,2015,"$1,123,794,0"
758.Sweet Home Alabama,6.2,"Comedy, Romance",108,2002,"$559,852,3"
759.Men in Black II,6.2,"Action, Adventure, Comedy",88,2002,"$198,467,1"
760.The Legend of Tarzan,6.2,"Action, Adventure, Drama",110,2016,"$183,658,4"
761.Transformers: Dark of the Moon,6.2,"Action, Adventure, Sci-Fi",154,2011,"$359,126,0"
762.Cars 2,6.2,"Animation, Adventure, Comedy",106,2011,"$183,936,0"
763.Total Recall(I) ,6.2,"Action, Adventure, Sci-Fi",118,2012,"$201,957,6"
764.Knowing,6.2,"Action, Mystery, Sci-Fi",121,2009,"$217,124,2"
765.The Karate Kid,6.2,"Action, Drama, Family",140,2010,"$337,580,0"
766.Bad Moms,6.2,Comedy,100,2016,"$220,021,2"
767.Kindergarten Cop,6.2,"Action, Comedy, Crime",111,1990,"$258,097,1"
768.Dracula Untold,6.2,"Action, Drama, Fantasy",92,2014,"$288,175,3"
769.300: Rise of an Empire,6.2,"Action, Drama, War",102,2014,"$296,938,8"
770.Inferno(I) ,6.2,"Action, Adventure, Crime",121,2016,"$195,745,8"
771.Rush Hour 3,6.2,"Action, Comedy, Crime",91,2007,"$1,034,800,1"
772.Maze Runner: The Death Cure,6.2,"Action, Adventure, Sci-Fi",143,2018,"$363,204,6"
773.Austin Powers in Goldmember,6.2,"Action, Adventure, Comedy",94,2002,"$299,820,7"
774.Anger Management,6.2,Comedy,106,2003,"$245,527,1"
775.Despicable Me 3,6.2,"Animation, Adventure, Comedy",89,2017,"$210,308,0"
776.Night at the Museum: Secret of the Tomb,6.2,"Adventure, Comedy, Family",98,2014,"$376,152,4"
777.Alice Through the Looking Glass,6.2,"Adventure, Family, Fantasy",113,2016,"$242,786,1"
778.Dark Shadows,6.2,"Comedy, Family, Fantasy",113,2012,"$204,681,8"
779.Moonraker,6.2,"Action, Adventure, Sci-Fi",126,1979,"$242,295,5"
780.Taken 2,6.2,"Action, Crime, Thriller",92,2012,"$553,810,2"
781.Daddy's Home,6.2,"Comedy, Family",96,2015,"$198,326,3"
782.Fun with Dick and Jane,6.2,"Comedy, Crime",90,2005,"$417,282,0"
783.Eraser,6.2,"Action, Crime, Thriller",115,1996,"$197,757,3"
784.Mei ren yu,6.2,"Comedy, Drama, Fantasy",94,2016,"$334,530,8"
785.Yi chu hao xi,6.2,"Comedy, Drama",134,2018,"$349,330,0"
786.Zhong guo ji zhang,6.2,"Action, Adventure, Drama",111,2019,"$476,071,1"
787.Ren zai jiong tu: Tai jiong,6.2,"Adventure, Comedy, Drama",105,2012,"$192,907,6"
788.Xiu xiu de tie quan,6.2,"Comedy, Fantasy, Sport",100,2017,"$1,310,466,2"
789.Transformers: Rise of the Beasts,6.1,"Action, Adventure, Sci-Fi",127,2023,"$657,926,9"
790.Ant-Man and the Wasp: Quantumania,6.1,"Action, Adventure, Comedy",124,2023,"$205,372,7"
791.The Lost City,6.1,"Action, Adventure, Comedy",112,2022,"$546,388,1"
792.Jurassic World: Fallen Kingdom,6.1,"Action, Adventure, Sci-Fi",128,2018,"$431,971,1"
793.Justice League,6.1,"Action, Adventure, Fantasy",120,2017,"$214,657,5"
794.Birds of Prey and the Fantabulous Emancipation of One Harley Quinn,6.1,"Action, Comedy, Crime",109,2020,"$396,592,8"
795.Mission: Impossible II,6.1,"Action, Adventure, Thriller",123,2000,"$185,991,6"
796.Die Another Day,6.1,"Action, Adventure, Thriller",133,2002,"$242,688,9"
797.The Expendables 3,6.1,"Action, Adventure, Thriller",126,2014,Top Lifetime Grosses – Worldwi
798.Snow White and the Huntsman,6.1,"Action, Adventure, Drama",127,2012,"July 2, 20"
799.The Waterboy,6.1,"Comedy, Sport",90,1998,"$287,928,1"
800.RoboCop,6.1,"Action, Crime, Sci-Fi",117,2014,"$428,028,2"
801.Casper,6.1,"Comedy, Family, Fantasy",100,1995,"$293,514,3"
802.Rampage,6.1,"Action, Adventure, Sci-Fi",107,2018,"$226,425,4"
803.Bee Movie,6.1,"Animation, Adventure, Comedy",91,2007,"$474,009,1"
804.Lightyear,6.1,"Animation, Action, Adventure",105,2022,"$225,132,1"
805.San Andreas,6.1,"Action, Adventure, Thriller",114,2015,"$391,081,1"
806.Jumper,6.1,"Action, Adventure, Sci-Fi",88,2008,"$226,349,7"
807.Superman Returns,6.1,"Action, Adventure, Sci-Fi",154,2006,"$813,367,3"
808.Hansel & Gretel: Witch Hunters,6.1,"Action, Fantasy, Horror",88,2013,"$219,375,5"
809.Shrek the Third,6.1,"Animation, Adventure, Comedy",93,2007,"$216,614,3"
810.What Happens in Vegas,6.1,"Comedy, Romance",99,2008,"$372,234,8"
811.Twins,6.1,"Comedy, Crime",107,1988,"$215,283,7"
812.The Golden Compass,6.1,"Adventure, Family, Fantasy",113,2007,"$199,043,4"
813.The Sorcerer's Apprentice,6.1,"Action, Adventure, Family",109,2010,"$214,015,0"
814.Two Weeks Notice,6.1,"Comedy, Romance",101,2002,"$200,811,6"
815.Disclosure,6.1,"Drama, Thriller",128,1994,"$544,185,1"
816.Open Season,6.1,"Animation, Adventure, Comedy",86,2006,"$366,961,9"
817.Tang ren jie tan an 2,6.1,"Action, Comedy, Mystery",121,2018,"$221,831,0"
818.Xi hong shi shou fu,6.1,Comedy,118,2018,"$387,053,5"
819.Wo he wo de fu bei,6.1,Drama,157,2021,"$217,254,6"
820.Zhuo yao ji,6.1,"Adventure, Comedy, Fantasy",117,2015,"$271,457,3"
821.Zhe ge sha shou bu tai leng jing,6.1,Comedy,109,2022,"$196,710,3"
822.Grown Ups(I) ,6,Comedy,102,2010,"$300,157,6"
823.The Other Woman,6,"Comedy, Romance",109,2014,"$226,904,0"
824.Van Helsing,6,"Action, Adventure, Fantasy",131,2004,"$386,600,1"
825.Immortals,6,"Action, Drama, Fantasy",110,2011,"$374,583,8"
826.Godzilla: King of the Monsters,6,"Action, Adventure, Fantasy",132,2019,"$244,819,8"
827.Shark Tale,6,"Animation, Adventure, Comedy",90,2004,"$268,175,6"
828.Hercules(I) ,6,"Action, Adventure, Fantasy",98,2014,"$266,614,0"
829.Exodus: Gods and Kings,6,"Action, Adventure, Drama",150,2014,"$300,135,3"
830.Indecent Proposal,6,"Drama, Romance",117,1993,"$278,780,4"
831.Stuart Little,6,"Adventure, Comedy, Family",84,1999,"$413,106,1"
832.The Tourist(I) ,6,"Action, Thriller",103,2010,"$212,874,8"
833.Night at the Museum: Battle of the Smithsonian,6,"Adventure, Comedy, Family",105,2009,"$207,725,6"
834.Bedtime Stories,6,"Adventure, Comedy, Family",99,2008,"$326,479,1"
835.S.W.A.T.,6,"Action, Adventure, Crime",117,2003,"$178,311,7"
836.Taken 3,6,"Action, Crime, Thriller",108,2014,"$265,126,9"
837.Along Came Polly,6,"Comedy, Romance",90,2004,"$180,613,8"
838.Bridget Jones: The Edge of Reason,6,"Comedy, Drama, Romance",108,2004,"$325,186,0"
839.Daddy's Home 2,6,Comedy,100,2017,"$197,183,5"
840.The SpongeBob Movie: Sponge Out of Water,6,"Animation, Adventure, Comedy",92,2015,"$187,361,7"
841.Smurfs: The Lost Village,6,"Animation, Adventure, Comedy",90,2017,"$189,396,3"
842.Mr. Popper's Penguins,6,"Comedy, Family, Fantasy",94,2011,"$746,846,8"
843.So duk 2: Tin dei duei kuet,6,"Action, Crime",99,2019,"$236,350,6"
844.Suicide Squad,5.9,"Action, Adventure, Fantasy",123,2016,"$506,863,5"
845.2 Fast 2 Furious,5.9,"Action, Crime, Thriller",107,2003,"$226,497,2"
846.Venom: Let There Be Carnage,5.9,"Action, Sci-Fi, Thriller",97,2021,"$368,780,8"
847.Percy Jackson & the Olympians: The Lightning Thief,5.9,"Adventure, Family, Fantasy",118,2010,"$245,623,8"
848.Jurassic Park III,5.9,"Action, Adventure, Sci-Fi",92,2001,"$836,303,6"
849.Teenage Mutant Ninja Turtles: Out of the Shadows,5.9,"Action, Adventure, Comedy",112,2016,"$190,538,6"
850.Transformers: Revenge of the Fallen,5.9,"Action, Adventure, Sci-Fi",149,2009,"$212,902,3"
851.Cheaper by the Dozen,5.9,"Comedy, Family",98,2003,"$334,933,8"
852.Into the Woods,5.9,"Adventure, Comedy, Drama",125,2014,"$231,252,5"
853.The Great Wall(I) ,5.9,"Action, Adventure, Fantasy",103,2016,"$187,134,1"
854.Annabelle Comes Home,5.9,"Horror, Mystery, Thriller",106,2019,"$187,281,1"
855.I Now Pronounce You Chuck & Larry,5.9,"Comedy, Romance",115,2007,"$205,754,4"
856.The Grudge,5.9,"Horror, Mystery, Thriller",91,2004,"$296,999,8"
857.London Has Fallen,5.9,"Action, Thriller",99,2016,"$215,663,8"
858.Look Who's Talking,5.9,Comedy,93,1989,"$699,992,5"
859.Vertical Limit,5.9,"Action, Adventure, Drama",124,2000,"$193,967,6"
860.Liu lang di qiu,5.9,"Action, Adventure, Sci-Fi",125,2019,"$193,678,2"
861.Gnomeo & Juliet,5.9,"Animation, Adventure, Comedy",84,2011,"$870,325,4"
862.Xi you ji zhi: Sun Wukong san da Baigu Jing,5.9,"Action, Adventure, Fantasy",119,2016,"$259,368,4"
863.Zhan lang II,5.9,"Action, Adventure, Drama",123,2017,"$690,857,9"
864.Xun long jue,5.9,"Action, Adventure, Drama",127,2015,"$485,004,7"
865.Fast X,5.8,"Action, Adventure, Crime",141,2023,"$303,025,4"
866.Teenage Mutant Ninja Turtles,5.8,"Action, Adventure, Comedy",101,2014,"$791,217,8"
867.Battleship,5.8,"Action, Adventure, Sci-Fi",131,2012,"$187,884,0"
868.2012(I) ,5.8,"Action, Adventure, Sci-Fi",158,2009,"$493,214,9"
869.Jaws 2,5.8,"Adventure, Horror, Thriller",116,1978,"$190,213,4"
870.Clash of the Titans,5.8,"Action, Adventure, Fantasy",106,2010,"$204,594,0"
871.Hollow Man,5.8,"Action, Horror, Sci-Fi",112,2000,"$359,200,0"
872.Eat Pray Love,5.8,"Biography, Drama, Romance",133,2010,"$304,868,9"
873.Noah,5.8,"Action, Adventure, Drama",138,2014,"$277,448,3"
874.Skyscraper,5.8,"Action, Adventure, Thriller",102,2018,"$211,989,0"
875.xXx,5.8,"Action, Adventure, Thriller",124,2002,"$185,400,3"
876.End of Days,5.8,"Action, Fantasy, Horror",122,1999,"$179,265,2"
877.Pitch Perfect 3,5.8,"Comedy, Music",93,2017,"$244,232,6"
878.The League of Extraordinary Gentlemen,5.8,"Action, Adventure, Fantasy",110,2003,"$362,000,0"
879.Journey to the Center of the Earth,5.8,"Action, Adventure, Family",93,2008,"$205,668,2"
880.The Hangover Part III,5.8,"Comedy, Crime",100,2013,"$189,015,6"
881.The Break-Up,5.8,"Comedy, Drama, Romance",106,2006,"$253,625,4"
882.Rambo III,5.8,"Action, Adventure, Thriller",102,1988,"$204,394,1"
883.Wild Hogs,5.8,"Action, Adventure, Comedy",100,2007,"$300,228,0"
884.The Addams Family,5.8,"Animation, Comedy, Family",86,2019,"$227,817,2"
885.Resident Evil: Afterlife,5.8,"Action, Horror, Sci-Fi",96,2010,"$207,039,8"
886.The Green Hornet,5.8,"Action, Comedy, Crime",119,2011,"$327,598,8"
887.Paranormal Activity 3,5.8,"Horror, Mystery",83,2011,"$418,765,5"
888.Feng kuang de wai xing ren,5.8,"Comedy, Sci-Fi",116,2019,"$362,211,7"
889.Sex and the City,5.7,"Comedy, Drama, Romance",145,2008,"$274,703,3"
890.Planet of the Apes,5.7,"Action, Adventure, Sci-Fi",120,2001,"$252,442,9"
891.Lara Croft: Tomb Raider,5.7,"Action, Adventure, Fantasy",100,2001,"$302,469,0"
892.Dark Phoenix,5.7,"Action, Adventure, Sci-Fi",113,2019,"$181,674,8"
893.G.I. Joe: The Rise of Cobra,5.7,"Action, Adventure, Sci-Fi",118,2009,"$333,535,9"
894.Poseidon,5.7,"Action, Adventure, Thriller",98,2006,"$199,850,3"
895.Fantastic Four(I) ,5.7,"Action, Adventure, Fantasy",106,2005,"$179,246,8"
896.Percy Jackson: Sea of Monsters,5.7,"Adventure, Family, Fantasy",106,2013,"$320,689,2"
897.Allegiant,5.7,"Action, Adventure, Mystery",120,2016,"$375,740,7"
898.101 Dalmatians,5.7,"Adventure, Comedy, Crime",103,1996,"$314,432,8"
899.G.I. Joe: Retaliation,5.7,"Action, Adventure, Sci-Fi",110,2013,Top Lifetime Grosses – Worldwi
900.Chicken Little,5.7,"Animation, Adventure, Comedy",81,2005,"July 2, 20"
901.Valentine's Day(I) ,5.7,"Comedy, Romance",125,2010,"$216,528,5"
902.Journey 2: The Mysterious Island,5.7,"Action, Adventure, Comedy",94,2012,"$335,287,7"
903.Battle: Los Angeles,5.7,"Action, Adventure, Sci-Fi",116,2011,"$211,819,3"
904.Wrath of the Titans,5.7,"Action, Adventure, Fantasy",99,2012,"$301,970,0"
905.Planes,5.7,"Animation, Adventure, Comedy",91,2013,"$240,171,7"
906.The Nutty Professor,5.7,"Comedy, Romance, Sci-Fi",95,1996,"$273,961,0"
907.Crocodile Dundee II,5.7,"Action, Adventure, Comedy",108,1988,"$239,606,2"
908.Lie huo ying xiong,5.7,"Action, Drama",118,2019,"$245,179,5"
909.The Meg,5.6,"Action, Horror, Sci-Fi",113,2018,"$530,517,3"
910.Jurassic World Dominion,5.6,"Action, Adventure, Sci-Fi",147,2022,"$1,001,978,0"
911.Pixels,5.6,"Action, Comedy, Fantasy",105,2015,"$244,874,8"
912.Transformers: Age of Extinction,5.6,"Action, Adventure, Sci-Fi",165,2014,"$1,104,054,0"
913.Pacific Rim: Uprising,5.6,"Action, Adventure, Fantasy",111,2018,"$290,930,1"
914.Charlie's Angels,5.6,"Action, Adventure, Comedy",98,2000,"$264,105,5"
915.Bad Teacher,5.6,"Comedy, Romance",92,2011,"$216,197,4"
916.Hulk,5.6,"Action, Sci-Fi",138,2003,"$245,285,1"
917.You Don't Mess with the Zohan,5.6,"Action, Comedy",113,2008,"$204,313,4"
918.Dolittle,5.6,"Adventure, Comedy, Family",101,2020,"$251,410,6"
919.Men in Black: International,5.6,"Action, Adventure, Comedy",114,2019,"$253,890,7"
920.Assassin's Creed,5.6,"Action, Adventure, Sci-Fi",115,2016,"$240,697,8"
921.The Pacifier,5.6,"Action, Comedy, Drama",95,2005,"$198,636,8"
922.Mirror Mirror(I) ,5.6,"Adventure, Comedy, Drama",106,2012,"$183,018,5"
923.4: Rise of the Silver Surfer,5.6,"Action, Adventure, Fantasy",92,2007,"$301,913,1"
924.Ice Age: Collision Course,5.6,"Animation, Adventure, Comedy",94,2016,"$408,754,9"
925.Runaway Bride,5.6,"Comedy, Romance",116,1999,"$309,460,2"
926.Tang ren jie tan an 3,5.6,"Action, Adventure, Comedy",136,2021,"$686,257,5"
927.Chang jin hu zhi shui men qiao,5.6,"Action, Drama, History",153,2022,"$626,571,6"
928.Qian ren 3: Zai jian qian ren,5.6,"Comedy, Romance",120,2017,"$307,592,4"
929.Jian bing xia,5.6,Comedy,113,2015,"$186,699,7"
930.The Twilight Saga: Breaking Dawn - Part 2,5.5,"Adventure, Drama, Fantasy",115,2012,"$848,593,9"
931.Green Lantern,5.5,"Action, Adventure, Sci-Fi",114,2011,"$219,851,1"
932.The Day the Earth Stood Still,5.5,"Adventure, Drama, Sci-Fi",104,2008,"$233,093,8"
933.Scary Movie 3,5.5,Comedy,84,2003,"$220,673,2"
934.The Scorpion King,5.5,"Action, Adventure, Fantasy",92,2002,"$180,630,9"
935.Resident Evil: The Final Chapter,5.5,"Action, Horror, Sci-Fi",107,2016,"$312,242,6"
936.Little Fockers,5.5,"Comedy, Romance",98,2010,"$310,650,5"
937.Chang jin hu,5.5,"Action, Drama, History",176,2021,"$902,548,4"
938.Batman Forever,5.4,"Action, Adventure",121,1995,"$336,567,1"
939.The Mummy,5.4,"Action, Adventure, Fantasy",110,2017,"$409,231,6"
940.Annabelle(I) ,5.4,"Horror, Mystery, Thriller",99,2014,"$257,589,7"
941.Godzilla(I) ,5.4,"Action, Sci-Fi, Thriller",139,1998,"$379,014,2"
942.Doctor Dolittle,5.4,"Comedy, Family, Fantasy",85,1998,"$294,456,6"
943.The Smurfs,5.4,"Animation, Adventure, Comedy",103,2011,"$563,749,3"
944.Hop,5.4,"Animation, Adventure, Comedy",95,2011,"$184,367,1"
945.Journey to the West: Demon Chapter,5.4,"Adventure, Comedy, Fantasy",109,2017,"$247,585,2"
946.Zhuo yao ji 2,5.4,"Adventure, Comedy, Fantasy",110,2018,"$361,682,6"
947.Gang jiong,5.4,"Action, Adventure, Comedy",114,2015,"$256,283,9"
948.The Nun,5.3,"Horror, Mystery, Thriller",96,2018,"$365,582,7"
949.Twilight(I) ,5.3,"Drama, Fantasy, Romance",122,2008,"$408,430,4"
950.Grown Ups 2,5.3,Comedy,101,2013,"$246,984,2"
951.Geostorm,5.3,"Action, Sci-Fi, Thriller",109,2017,"$221,600,1"
952.Daredevil,5.3,"Action, Crime",103,2003,"$179,179,7"
953.Ghost Rider,5.3,"Action, Fantasy, Thriller",110,2007,"$228,738,3"
954.Jupiter Ascending,5.3,"Action, Adventure, Sci-Fi",127,2015,"$183,887,7"
955.Resident Evil: Retribution,5.3,"Action, Horror, Sci-Fi",95,2012,"$240,159,2"
956.Paul Blart: Mall Cop,5.3,"Action, Comedy, Crime",91,2009,"$183,348,4"
957.The Smurfs 2,5.3,"Animation, Adventure, Comedy",105,2013,"$347,545,3"
958.The Jungle Book 2,5.3,"Animation, Adventure, Comedy",72,2003,"$186,303,7"
959.F9,5.2,"Action, Crime, Thriller",143,2021,"$726,229,5"
960.Scooby-Doo,5.2,"Adventure, Comedy, Family",89,2002,"$275,678,6"
961.Transformers: The Last Knight,5.2,"Action, Adventure, Sci-Fi",154,2017,"$605,425,1"
962.The Mummy: Tomb of the Dragon Emperor,5.2,"Action, Adventure, Fantasy",112,2008,"$403,449,8"
963.A Good Day to Die Hard,5.2,"Action, Thriller",98,2013,"$304,654,1"
964.xXx: Return of Xander Cage,5.2,"Action, Adventure, Thriller",107,2017,"$346,118,2"
965.Alvin and the Chipmunks,5.2,"Animation, Adventure, Comedy",92,2007,"$365,352,5"
966.Independence Day: Resurgence,5.2,"Action, Adventure, Sci-Fi",120,2016,"$389,681,9"
967.Scooby-Doo 2: Monsters Unleashed,5.2,"Adventure, Comedy, Family",93,2004,"$181,239,1"
968.Gong fu yu jia,5.2,"Action, Adventure, Comedy",107,2017,"$257,753,8"
969.The Haunted Mansion,5.1,"Comedy, Family, Fantasy",99,2003,"$182,290,2"
970.The Twilight Saga: Eclipse,5.1,"Action, Adventure, Drama",124,2010,"$698,509,8"
971.The Final Destination,5.1,"Horror, Thriller",82,2009,"$186,167,1"
972.Eragon,5.1,"Action, Adventure, Family",104,2006,"$250,425,5"
"973.10,000 BC",5.1,"Action, Adventure, Drama",109,2008,"$269,784,2"
974.Cats & Dogs,5.1,"Action, Adventure, Comedy",87,2001,"$200,687,4"
975.G-Force,5.1,"Animation, Action, Adventure",88,2009,"$292,817,8"
976.The Flintstones,5,"Comedy, Family, Fantasy",91,1994,"$341,631,2"
977.Garfield,5,"Animation, Adventure, Comedy",80,2004,"$203,172,4"
978.Wild Wild West,4.9,"Action, Comedy, Sci-Fi",106,1999,"$222,104,6"
979.The Twilight Saga: Breaking Dawn - Part 1,4.9,"Adventure, Drama, Fantasy",117,2011,"$712,205,8"
980.Charlie's Angels: Full Throttle,4.9,"Action, Adventure, Comedy",106,2003,"$259,175,7"
981.Gulliver's Travels,4.9,"Adventure, Comedy, Family",85,2010,"$237,382,7"
982.High School Musical 3: Senior Year,4.9,"Comedy, Drama, Family",112,2008,"$252,909,1"
983.Alvin and the Chipmunks: The Road Chip,4.9,"Animation, Adventure, Comedy",92,2015,"$234,798,6"
984.Xi you ji: Da nao tian gong,4.9,"Action, Adventure, Family",119,2014,"$182,206,9"
985.The Twilight Saga: New Moon,4.8,"Adventure, Drama, Fantasy",130,2009,"$711,025,4"
986.After Earth,4.8,"Action, Adventure, Sci-Fi",100,2013,"$243,611,9"
987.102 Dalmatians,4.8,"Adventure, Comedy, Family",100,2000,"$183,611,7"
988.Zhong guo yi sheng,4.7,Drama,129,2021,"$197,143,2"
989.Fifty Shades Darker,4.6,"Drama, Romance, Thriller",118,2017,"$381,545,8"
990.Yogi Bear,4.6,"Animation, Adventure, Comedy",81,2010,"$203,509,3"
991.Fifty Shades Freed,4.5,"Drama, Romance, Thriller",105,2018,"$371,985,0"
992.Sex and the City 2,4.5,"Comedy, Drama, Romance",146,2010,"$290,745,0"
993.Alvin and the Chipmunks: The Squeakquel,4.5,"Animation, Adventure, Comedy",88,2009,"$443,140,0"
994.Spy Kids 3: Game Over,4.3,"Action, Adventure, Comedy",84,2003,"$197,101,6"
995.Alvin and the Chipmunks: Chipwrecked,4.3,"Animation, Adventure, Comedy",87,2011,"$342,695,4"
996.Fifty Shades of Grey,4.2,"Drama, Romance, Thriller",125,2015,"$569,651,4"
997.The Last Airbender,4,"Action, Adventure, Family",103,2010,"$319,713,8"
998.Batman & Robin,3.8,"Action, Sci-Fi",125,1997,"$238,235,7"
999.The Emoji Movie,3.4,"Animation, Adventure, Comedy",86,2017,"$217,776,6"
"1,000.Du cheng feng yun III",2.6,"Comedy, Drama",113,2016,"$181,732,8"
